Well No., Common Name, Year, Yr_Count, Yr_RMSE, Q1_Count, Q1_RMSE, Q2_Count, Q2_RMSE, Q3_Count, Q3_RMSE, Q4_Count, Q4_RMSE
w01,Hernstadt,All Years,   310,12.10,,,,,,,,,
w01,Hernstadt,  1990,     3,1.90,, ,, ,, ,     3,1.90,
w01,Hernstadt,  1991,    14,1.56,     4,1.69,     5,1.17,     3,1.61,     2,2.02,
w01,Hernstadt,  1992,    14,1.78,     4,1.40,     3,1.88,     3,1.99,     4,1.86,
w01,Hernstadt,  1993,    11,1.60,     2,1.33,     4,1.61,     3,1.67,     2,1.73,
w01,Hernstadt,  1994,    13,1.79,     4,1.71,     3,1.94,     3,1.86,     3,1.66,
w01,Hernstadt,  1995,    13,2.05,     4,1.33,     3,2.22,     2,2.23,     4,2.39,
w01,Hernstadt,  1996,    12,2.17,     3,2.11,     2,2.24,     4,2.20,     3,2.16,
w01,Hernstadt,  1997,    12,2.14,     3,1.80,     2,2.44,     4,2.22,     3,2.13,
w01,Hernstadt,  1998,    11,1.75,     4,1.66,     2,1.89,     3,1.83,     2,1.66,
w01,Hernstadt,  1999,    12,2.05,     3,1.97,     3,2.08,     3,2.06,     3,2.07,
w01,Hernstadt,  2000,    13,2.19,     3,1.92,     4,2.29,     2,2.20,     4,2.27,
w01,Hernstadt,  2001,    12,2.24,     2,2.27,     3,2.21,     4,2.20,     3,2.29,
w01,Hernstadt,  2002,    12,2.27,     3,2.35,     3,2.36,     2,2.25,     4,2.13,
w01,Hernstadt,  2003,    12,2.21,     3,2.34,     3,2.15,     3,2.09,     3,2.26,
w01,Hernstadt,  2004,    12,2.42,     2,2.35,     4,2.48,     3,2.42,     3,2.39,
w01,Hernstadt,  2005,    11,2.18,     3,1.80,     3,2.41,     3,2.28,     2,2.19,
w01,Hernstadt,  2006,    13,1.96,     4,1.83,     2,1.85,     3,1.94,     4,2.15,
w01,Hernstadt,  2007,    12,2.30,     3,2.38,     3,2.29,     2,2.19,     4,2.30,
w01,Hernstadt,  2008,    12,2.10,     4,1.90,     2,2.24,     3,2.18,     3,2.18,
w01,Hernstadt,  2009,    13,2.13,     4,2.13,     3,2.30,     3,2.17,     3,1.92,
w01,Hernstadt,  2010,    12,1.95,     4,1.89,     3,2.05,     2,2.11,     3,1.82,
w01,Hernstadt,  2011,    12,1.67,     3,1.35,     4,1.70,     2,1.86,     3,1.80,
w01,Hernstadt,  2012,    12,0.66,     3,0.94,     4,0.61,     3,0.44,     2,0.54,
w01,Hernstadt,  2013,    12,1.21,     3,0.95,     4,1.27,     2,1.24,     3,1.34,
w01,Hernstadt,  2014,    11,26.57,     3,1.88,     2,1.84,     3,1.49,     3,50.80,
w01,Hernstadt,  2015,    11,51.00,     3,51.31,     3,50.87,     1, ,     4,50.91,
w02,Sweeney,All Years,   114,28.48,,,,,,,,,
w02,Sweeney,  1990,     3,24.66,, ,, ,, ,     3,24.66,
w02,Sweeney,  1991,    23,27.48,     7,25.95,     9,28.41,     3,27.96,     4,27.58,
w02,Sweeney,  1992,    14,27.87,     4,27.66,     3,28.69,     3,28.23,     4,27.18,
w02,Sweeney,  1993,    13,28.64,     4,29.32,     4,28.95,     3,28.15,     2,27.36,
w02,Sweeney,  1994,    13,27.41,     4,27.86,     3,28.56,     3,27.25,     3,25.72,
w02,Sweeney,  1995,    13,29.64,     4,30.14,     3,29.69,     2,29.26,     4,29.27,
w02,Sweeney,  1996,    26,29.49,     3,30.22,     1, ,     4,29.13,    18,29.44,
w02,Sweeney,  1997,     9,29.66,     4,30.27,     2,29.59,     3,28.87,, ,
w03,Druid Hills,All Years,   119,11.88,,,,,,,,,
w03,Druid Hills,  1990,     3,9.36,, ,, ,, ,     3,9.36,
w03,Druid Hills,  1991,    14,12.17,     4,12.56,     4,13.73,     3,11.55,     3,9.78,
w03,Druid Hills,  1992,    12,9.05,     3,12.60,     2,12.26,     3,5.91,     4,5.06,
w03,Druid Hills,  1993,    11,9.85,     2,13.83,     4,11.04,     2,6.65,     3,6.02,
w03,Druid Hills,  1994,    12,7.49,     3,7.97,     2,7.79,     4,7.04,     3,7.39,
w03,Druid Hills,  1995,    11,11.58,     4,13.93,     1, ,     2,9.23,     4,8.56,
w03,Druid Hills,  1996,    11,11.30,     3,12.21,     2,13.65,     3,9.40,     3,10.30,
w03,Druid Hills,  1997,    12,13.40,     3,17.26,     2,12.62,     4,10.71,     3,12.71,
w03,Druid Hills,  1998,    12,16.55,     3,19.95,     2,20.60,     4,13.60,     3,12.95,
w03,Druid Hills,  1999,    11,11.85,     2,13.36,     3,13.65,     3,9.81,     3,10.63,
w03,Druid Hills,  2000,    10,13.72,     3,13.66,     4,15.64,     2,10.67,     1, ,
w04,Scarlet 6,All Years,    40,4.67,,,,,,,,,
w04,Scarlet 6,  1990,     3,9.50,, ,, ,, ,     3,9.50,
w04,Scarlet 6,  1991,    11,4.89,     3,7.01,     3,5.78,     3,1.79,     2,1.64,
w04,Scarlet 6,  1992,    13,2.73,     3,2.47,     3,2.54,     3,3.32,     4,2.54,
w04,Scarlet 6,  1993,    12,4.09,     2,1.71,     3,1.90,     4,4.49,     3,5.87,
w04,Scarlet 6,  1994,     1, ,     1, ,, ,, ,, ,
w05,Reimers,All Years,    83,8.74,,,,,,,,,
w05,Reimers,  1990,     3,1.40,, ,, ,, ,     3,1.40,
w05,Reimers,  1991,    25,5.58,     9,4.05,    10,6.99,     3,6.43,     3,2.47,
w05,Reimers,  1992,    27,8.87,    16,8.64,     3,11.80,     3,10.61,     5,5.88,
w05,Reimers,  1993,    14,11.69,     5,10.85,     4,11.25,     3,13.30,     2,11.96,
w05,Reimers,  1994,     2,13.80,     2,13.80,, ,, ,, ,
w05,Reimers,  1995,    12,9.75,    11,9.68,     1, ,, ,, ,
w06,Coast Ranch,All Years,    20,2.83,,,,,,,,,
w06,Coast Ranch,  1990,     1, ,, ,, ,, ,     1, ,
w06,Coast Ranch,  1991,     6,3.02,     1, ,     4,1.95,, ,     1, ,
w06,Coast Ranch,  1992,     5,3.08,     2,2.59,, ,, ,     3,3.37,
w06,Coast Ranch,  1993,     8,1.53,     3,0.84,     3,1.17,     2,2.51,, ,
w07,SP HWY 1,All Years,    41,0.85,,,,,,,,,
w07,SP HWY 1,  1990,     2,1.45,, ,, ,, ,     2,1.45,
w07,SP HWY 1,  1991,    25,0.83,     5,1.40,     9,0.36,     5,0.74,     6,0.77,
w07,SP HWY 1,  1992,     6,0.25,     3,0.34,, ,, ,     3,0.11,
w07,SP HWY 1,  1993,     8,0.98,     3,1.22,     3,0.78,     2,0.82,, ,
w08,Magnasco 2,All Years,    27,4.55,,,,,,,,,
w08,Magnasco 2,  1990,     3,6.42,, ,, ,, ,     3,6.42,
w08,Magnasco 2,  1991,    11,2.87,     3,3.82,     3,1.00,     2,2.70,     3,3.12,
w08,Magnasco 2,  1992,     5,6.75,     2,6.97,, ,, ,     3,6.60,
w08,Magnasco 2,  1993,     8,3.84,     3,5.66,     3,2.65,     2,0.51,, ,
w09,Los Laureles 6,All Years,   287,13.42,,,,,,,,,
w09,Los Laureles 6,  1990,     3,4.08,, ,, ,, ,     3,4.08,
w09,Los Laureles 6,  1991,    11,7.37,     3,9.69,     3,8.84,     3,4.00,     2,4.09,
w09,Los Laureles 6,  1992,    13,6.88,     3,9.20,     3,8.99,     3,4.13,     4,4.10,
w09,Los Laureles 6,  1993,    12,3.94,     2,3.40,     3,3.90,     4,4.05,     3,4.15,
w09,Los Laureles 6,  1994,    12,6.05,     3,9.69,     3,4.25,     3,4.15,     3,4.12,
w09,Los Laureles 6,  1995,    12,4.99,     3,7.34,     3,3.74,     3,3.95,     3,4.03,
w09,Los Laureles 6,  1996,    12,3.99,     3,3.95,     3,3.89,     3,4.05,     3,4.05,
w09,Los Laureles 6,  1997,    12,4.23,     3,4.14,     3,4.41,     3,4.27,     3,4.08,
w09,Los Laureles 6,  1998,    12,9.23,     3,9.33,     3,9.76,     3,4.00,     3,11.93,
w09,Los Laureles 6,  1999,    12,4.53,     3,4.53,     3,4.59,     3,4.53,     3,4.47,
w09,Los Laureles 6,  2000,     8,4.58,     3,4.49,     3,4.64,     2,4.61,, ,
w09,Los Laureles 6,  2002,    10,4.76,     1, ,     3,5.13,     3,4.71,     3,4.42,
w09,Los Laureles 6,  2003,    12,4.59,     3,4.73,     3,4.56,     3,4.41,     3,4.67,
w09,Los Laureles 6,  2004,    12,4.67,     3,4.61,     3,4.74,     3,4.68,     3,4.65,
w09,Los Laureles 6,  2005,    12,4.54,     3,4.31,     3,4.63,     3,4.55,     3,4.67,
w09,Los Laureles 6,  2006,    12,4.29,     3,4.43,     3,4.27,     3,4.51,     3,3.93,
w09,Los Laureles 6,  2007,    12,4.67,     3,4.75,     3,4.60,     3,4.71,     3,4.61,
w09,Los Laureles 6,  2008,    11,4.55,     3,4.44,     2,4.75,     3,4.55,     3,4.50,
w09,Los Laureles 6,  2009,    12,4.56,     3,4.40,     3,4.84,     3,4.55,     3,4.46,
w09,Los Laureles 6,  2010,    10,7.67,     1, ,     3,9.50,     3,4.00,     3,3.32,
w09,Los Laureles 6,  2011,    12,4.07,     3,4.05,     3,4.13,     3,4.14,     3,3.93,
w09,Los Laureles 6,  2012,    12,8.33,     3,10.69,     3,8.28,     3,2.69,     3,9.34,
w09,Los Laureles 6,  2013,    11,5.87,     3,9.36,     3,3.76,     3,3.67,     2,4.07,
w09,Los Laureles 6,  2014,    12,23.18,     3,4.26,     3,4.13,     3,3.43,     3,45.86,
w09,Los Laureles 6,  2015,    13,45.16,     3,39.11,     3,39.73,     3,49.52,     4,49.59,
w10,Los Laureles 5,All Years,   289,13.65,,,,,,,,,
w10,Los Laureles 5,  1990,     3,5.91,, ,, ,, ,     3,5.91,
w10,Los Laureles 5,  1991,    11,7.70,     3,9.29,     3,8.45,     3,5.93,     2,6.03,
w10,Los Laureles 5,  1992,    13,7.65,     3,9.38,     3,8.98,     3,6.01,     4,6.04,
w10,Los Laureles 5,  1993,    12,5.80,     2,5.00,     3,5.88,     4,5.95,     3,6.01,
w10,Los Laureles 5,  1994,    11,6.82,     3,8.47,     3,6.19,     2,6.03,     3,6.02,
w10,Los Laureles 5,  1995,    12,7.54,     3,8.29,     3,9.12,     3,6.03,     3,6.26,
w10,Los Laureles 5,  1996,    12,6.16,     3,6.14,     3,6.06,     3,6.13,     3,6.30,
w10,Los Laureles 5,  1997,    12,7.39,     3,9.72,     3,6.74,     3,6.33,     3,6.23,
w10,Los Laureles 5,  1998,    12,6.68,     3,5.64,     3,8.04,     3,6.09,     3,6.71,
w10,Los Laureles 5,  1999,    12,6.43,     3,6.55,     3,6.36,     3,6.32,     3,6.50,
w10,Los Laureles 5,  2000,     8,6.53,     3,6.48,     3,6.49,     2,6.69,, ,
w10,Los Laureles 5,  2002,    10,6.73,     1, ,     3,6.94,     3,6.67,     3,6.59,
w10,Los Laureles 5,  2003,    12,6.55,     3,6.68,     3,6.56,     3,6.33,     3,6.63,
w10,Los Laureles 5,  2004,    12,6.60,     3,6.65,     3,6.65,     3,6.54,     3,6.57,
w10,Los Laureles 5,  2005,    12,6.45,     3,6.12,     3,6.60,     3,6.55,     3,6.54,
w10,Los Laureles 5,  2006,    12,6.13,     3,6.27,     3,5.85,     3,6.44,     3,5.94,
w10,Los Laureles 5,  2007,    12,6.61,     3,6.67,     3,6.52,     3,6.77,     3,6.47,
w10,Los Laureles 5,  2008,    12,6.34,     3,6.32,     3,6.47,     3,6.30,     3,6.28,
w10,Los Laureles 5,  2009,    12,6.46,     3,6.51,     3,6.65,     3,6.52,     3,6.16,
w10,Los Laureles 5,  2010,    12,6.54,     3,7.85,     3,5.98,     3,6.20,     3,5.95,
w10,Los Laureles 5,  2011,    12,5.90,     3,5.98,     3,5.79,     3,5.90,     3,5.94,
w10,Los Laureles 5,  2012,    12,6.99,     3,7.88,     3,7.50,     3,5.08,     3,7.14,
w10,Los Laureles 5,  2013,    11,6.43,     3,7.64,     2,5.68,     3,5.93,     3,6.05,
w10,Los Laureles 5,  2014,    12,23.10,     3,6.19,     3,5.94,     3,5.36,     3,45.08,
w10,Los Laureles 5,  2015,    13,44.45,     3,41.73,     4,43.42,     3,46.27,     3,46.55,
w11,Scarlett 8,All Years,   248,6.94,,,,,,,,,
w11,Scarlett 8,  1990,     3,8.90,, ,, ,, ,     3,8.90,
w11,Scarlett 8,  1991,    11,4.30,     3,7.74,     3,2.06,     3,1.41,     2,1.51,
w11,Scarlett 8,  1992,    13,3.28,     3,3.65,     3,3.94,     3,1.94,     4,3.24,
w11,Scarlett 8,  1993,    12,3.41,     2,2.46,     3,1.21,     4,3.52,     3,4.93,
w11,Scarlett 8,  1994,    12,6.57,     3,5.81,     3,6.72,     3,6.94,     3,6.73,
w11,Scarlett 8,  1995,    12,5.08,     3,6.57,     3,3.62,     3,4.13,     3,5.49,
w11,Scarlett 8,  1996,    12,6.70,     3,6.11,     3,6.80,     3,6.91,     3,6.95,
w11,Scarlett 8,  1997,    12,7.15,     3,7.91,     3,6.39,     3,6.97,     3,7.26,
w11,Scarlett 8,  1998,    12,5.39,     3,5.43,     3,6.30,     3,4.39,     3,5.28,
w11,Scarlett 8,  1999,    12,5.73,     3,5.94,     3,5.87,     3,5.16,     3,5.92,
w11,Scarlett 8,  2000,    10,11.32,     3,13.11,     3,13.60,     2,7.08,     2,7.45,
w11,Scarlett 8,  2002,    11,7.67,     2,7.70,     3,7.98,     3,7.73,     3,7.24,
w11,Scarlett 8,  2003,    12,10.04,     3,11.42,     3,12.61,     3,7.49,     3,7.61,
w11,Scarlett 8,  2004,    12,7.93,     3,7.25,     3,8.82,     3,7.87,     3,7.70,
w11,Scarlett 8,  2005,    11,8.96,     2,10.81,     3,9.67,     3,7.98,     3,7.71,
w11,Scarlett 8,  2006,    11,9.05,     3,8.64,     3,11.47,     2,7.50,     3,7.54,
w11,Scarlett 8,  2007,    12,7.87,     3,9.13,     3,7.73,     3,7.33,     3,7.11,
w11,Scarlett 8,  2008,    12,4.24,     3,5.03,     3,5.17,     3,3.29,     3,3.01,
w11,Scarlett 8,  2009,    12,5.69,     3,3.87,     3,6.06,     3,6.52,     3,5.95,
w11,Scarlett 8,  2010,    12,6.91,     3,7.94,     3,6.61,     3,6.70,     3,6.27,
w11,Scarlett 8,  2011,    12,6.41,     3,6.53,     3,5.97,     3,6.71,     3,6.42,
w11,Scarlett 8,  2012,    10,6.43,     3,6.30,     3,6.35,     3,6.67,     1, ,
w12,Schulte Prod,All Years,   288,7.70,,,,,,,,,
w12,Schulte Prod,  1990,     3,8.29,, ,, ,, ,     3,8.29,
w12,Schulte Prod,  1991,    10,8.85,     2,11.08,     3,11.57,     3,4.37,     2,6.28,
w12,Schulte Prod,  1992,    13,8.62,     3,7.00,     3,8.47,     3,8.22,     4,10.03,
w12,Schulte Prod,  1993,    12,8.70,     2,10.54,     3,0.47,     4,8.17,     3,11.81,
w12,Schulte Prod,  1994,    11,9.33,     3,11.00,     2,9.43,     3,8.67,     3,8.01,
w12,Schulte Prod,  1995,    12,4.36,     3,8.64,     3,0.63,     3,0.42,     3,0.86,
w12,Schulte Prod,  1996,    12,3.23,     3,1.60,     3,1.27,     3,4.94,     3,3.62,
w12,Schulte Prod,  1997,    12,5.17,     3,1.38,     3,5.84,     3,4.37,     3,7.20,
w12,Schulte Prod,  1998,    12,4.57,     3,4.54,     3,0.51,     3,2.60,     3,7.47,
w12,Schulte Prod,  1999,    12,7.22,     3,6.54,     3,7.36,     3,8.74,     3,5.93,
w12,Schulte Prod,  2000,    12,5.68,     3,4.67,     3,5.53,     3,6.99,     3,5.27,
w12,Schulte Prod,  2001,     8,3.81,     3,3.26,     3,4.90,, ,     2,2.46,
w12,Schulte Prod,  2002,     7,5.83,, ,     1, ,     3,4.57,     3,7.54,
w12,Schulte Prod,  2003,    12,4.10,     3,4.60,     3,2.26,     3,5.11,     3,3.84,
w12,Schulte Prod,  2004,    12,7.18,     3,2.70,     3,6.58,     3,10.28,     3,7.06,
w12,Schulte Prod,  2005,    12,9.66,     3,9.65,     3,9.74,     3,12.93,     3,4.21,
w12,Schulte Prod,  2006,    12,8.25,     3,13.08,     3,6.73,     3,2.15,     3,7.14,
w12,Schulte Prod,  2007,     6,7.50,     3,7.16,     3,7.82,, ,, ,
w12,Schulte Prod,  2008,    12,4.96,     3,2.77,     3,3.16,     3,6.66,     3,6.03,
w12,Schulte Prod,  2009,    12,7.49,     3,5.37,     3,11.68,     3,6.54,     3,4.07,
w12,Schulte Prod,  2010,    11,5.13,     3,5.79,     2,9.03,     3,1.84,     3,2.30,
w12,Schulte Prod,  2011,    12,4.23,     3,1.92,     3,1.47,     3,0.32,     3,8.09,
w12,Schulte Prod,  2012,    11,7.74,     3,0.59,     2,0.20,     3,7.52,     3,12.75,
w12,Schulte Prod,  2013,    11,18.69,     2,11.51,     3,12.87,     3,24.92,     3,20.16,
w12,Schulte Prod,  2014,    12,7.25,     3,8.94,     3,7.19,     3,7.67,     3,4.43,
w12,Schulte Prod,  2015,    12,8.23,     3,4.96,     3,11.90,     3,2.03,     3,10.01,
w13,Pearce Prod 1,All Years,   231,40.46,,,,,,,,,
w13,Pearce Prod 1,  1990,     3,2.14,, ,, ,, ,     3,2.14,
w13,Pearce Prod 1,  1991,    11,2.08,     3,3.80,     3,0.32,     3,1.02,     2,0.69,
w13,Pearce Prod 1,  1992,    13,51.95,     3,2.25,     3,3.53,     3,45.63,     4,84.83,
w13,Pearce Prod 1,  1993,    12,10.52,     2,18.66,     3,7.19,     4,8.80,     3,7.44,
w13,Pearce Prod 1,  1994,    12,23.19,     3,7.84,     3,4.50,     3,39.01,     3,23.39,
w13,Pearce Prod 1,  1995,    12,4.29,     3,5.00,     3,3.14,     3,4.31,     3,4.47,
w13,Pearce Prod 1,  1996,    12,36.81,     3,3.36,     3,3.66,     3,70.14,     3,21.77,
w13,Pearce Prod 1,  1997,     8,5.12,     1, ,     2,5.11,     3,4.41,     2,4.94,
w13,Pearce Prod 1,  1998,     2,47.77,     1, ,, ,     1, ,, ,
w13,Pearce Prod 1,  1999,     2,4.97,     1, ,, ,     1, ,, ,
w13,Pearce Prod 1,  2000,     7,11.62,     1, ,     2,3.04,     3,15.83,     1, ,
w13,Pearce Prod 1,  2002,     1, ,, ,, ,, ,     1, ,
w13,Pearce Prod 1,  2004,    12,24.38,     3,12.08,     3,15.41,     3,31.71,     3,31.44,
w13,Pearce Prod 1,  2005,    12,28.40,     3,16.54,     3,15.90,     3,47.39,     3,21.30,
w13,Pearce Prod 1,  2006,    12,61.11,     3,14.70,     3,34.53,     3,90.94,     3,72.51,
w13,Pearce Prod 1,  2007,    12,59.05,     3,12.80,     3,41.69,     3,97.77,     3,49.84,
w13,Pearce Prod 1,  2008,     8,48.73,     2,17.59,     3,19.97,     1, ,     2,53.60,
w13,Pearce Prod 1,  2009,     9,19.68,     3,19.41,     3,9.28,, ,     3,26.44,
w13,Pearce Prod 1,  2010,    12,7.96,     3,6.09,     3,6.51,     3,7.39,     3,10.91,
w13,Pearce Prod 1,  2011,    12,34.99,     3,6.12,     3,3.21,     3,35.68,     3,59.79,
w13,Pearce Prod 1,  2012,    12,90.46,     3,6.42,     3,64.50,     3,130.75,     3,106.92,
w13,Pearce Prod 1,  2013,    11,73.63,     3,72.55,     3,55.60,     3,99.89,     2,48.12,
w13,Pearce Prod 1,  2014,     7,37.23,     1, ,, ,     3,55.73,     3,11.14,
w13,Pearce Prod 1,  2015,    13,16.12,     3,19.86,     4,18.28,     3,14.55,     3,8.66,
w14,Cypress,All Years,   288,10.55,,,,,,,,,
w14,Cypress,  1990,     3,16.13,, ,, ,, ,     3,16.13,
w14,Cypress,  1991,     9,10.43,     1, ,     3,9.02,     3,15.24,     2,2.64,
w14,Cypress,  1992,    13,12.77,     3,1.73,     3,10.08,     3,16.07,     4,16.05,
w14,Cypress,  1993,    12,9.06,     2,2.20,     3,2.03,     4,10.60,     3,13.09,
w14,Cypress,  1994,    12,12.04,     3,10.85,     3,18.07,     3,11.33,     3,2.69,
w14,Cypress,  1995,    12,5.89,     3,2.25,     3,0.95,     3,9.79,     3,6.08,
w14,Cypress,  1996,    12,5.73,     3,6.62,     3,5.20,     3,5.36,     3,5.64,
w14,Cypress,  1997,    12,11.36,     3,10.28,     3,10.72,     3,12.33,     3,11.99,
w14,Cypress,  1998,    12,9.84,     3,9.88,     3,11.21,     3,11.36,     3,5.88,
w14,Cypress,  1999,    12,12.02,     3,6.25,     3,12.34,     3,15.20,     3,12.47,
w14,Cypress,  2000,    11,11.93,     3,7.40,     3,12.82,     3,12.82,     2,14.41,
w14,Cypress,  2001,    12,8.23,     3,10.21,     3,6.23,     3,7.90,     3,8.08,
w14,Cypress,  2002,    12,8.44,     3,6.37,     3,7.62,     3,10.93,     3,8.18,
w14,Cypress,  2003,    12,9.54,     3,12.35,     3,9.04,     3,7.12,     3,8.88,
w14,Cypress,  2004,    12,10.27,     3,8.04,     3,8.51,     3,12.01,     3,11.86,
w14,Cypress,  2005,     7,13.02,     2,13.27,, ,     2,13.13,     3,12.77,
w14,Cypress,  2006,     9,13.83,     3,7.10,     3,17.59,     1, ,     2,15.91,
w14,Cypress,  2007,    11,16.23,     2,9.97,     3,16.29,     3,16.14,     3,19.32,
w14,Cypress,  2008,    10,10.34,     3,6.32,     3,12.12,     1, ,     3,11.53,
w14,Cypress,  2009,    12,8.55,     3,6.36,     3,0.55,     3,13.48,     3,8.38,
w14,Cypress,  2010,    11,8.20,     3,8.24,     3,7.85,     3,9.02,     2,7.33,
w14,Cypress,  2011,    12,7.48,     3,7.42,     3,8.03,     3,7.59,     3,6.83,
w14,Cypress,  2012,    12,10.21,     3,8.61,     3,9.90,     3,12.04,     3,9.98,
w14,Cypress,  2013,    13,10.55,     3,8.73,     3,12.35,     3,11.47,     4,9.56,
w14,Cypress,  2014,    12,5.53,     3,2.69,     3,3.94,     3,6.95,     3,7.17,
w14,Cypress,  2015,    11,14.80,     3,12.96,     3,13.14,     3,17.30,     2,15.62,
w15,San Carlos,All Years,   195,5.94,,,,,,,,,
w15,San Carlos,  2000,    12,12.84,     3,3.28,     3,4.05,     3,19.12,     3,16.31,
w15,San Carlos,  2001,    12,8.85,     3,2.78,     3,1.82,     3,13.85,     3,10.52,
w15,San Carlos,  2002,    12,3.38,     3,3.37,     3,4.52,     3,2.80,     3,2.48,
w15,San Carlos,  2003,    12,3.09,     3,1.16,     3,2.61,     3,2.02,     3,5.10,
w15,San Carlos,  2004,    12,5.81,     3,8.48,     3,4.63,     3,4.81,     3,4.29,
w15,San Carlos,  2005,    12,4.59,     3,3.87,     3,4.60,     3,4.44,     3,5.33,
w15,San Carlos,  2006,    12,4.00,     3,4.29,     3,4.18,     3,3.20,     3,4.23,
w15,San Carlos,  2007,    11,4.28,     3,4.72,     3,2.64,     2,3.79,     3,5.32,
w15,San Carlos,  2008,    11,2.34,     3,2.83,     3,3.02,     2,1.23,     3,1.41,
w15,San Carlos,  2009,    12,2.20,     3,2.28,     3,0.24,     3,1.64,     3,3.38,
w15,San Carlos,  2010,    12,0.86,     3,0.90,     3,0.40,     3,1.19,     3,0.76,
w15,San Carlos,  2011,    12,3.67,     3,0.84,     3,0.60,     3,4.32,     3,5.83,
w15,San Carlos,  2012,    12,5.91,     3,1.02,     3,2.16,     3,6.16,     3,9.81,
w15,San Carlos,  2013,    12,4.97,     3,7.66,     3,3.39,     3,4.35,     3,3.11,
w15,San Carlos,  2014,    12,5.41,     3,3.88,     3,0.84,     3,4.94,     3,8.78,
w15,San Carlos,  2015,    12,7.54,     3,6.08,     3,6.09,     3,9.68,     3,7.71,
w16,Rancho Canada,All Years,   275,68.99,,,,,,,,,
w16,Rancho Canada,  1990,     3,47.56,, ,, ,, ,     3,47.56,
w16,Rancho Canada,  1991,    11,11.50,     3,16.26,     3,9.95,     3,8.56,     2,8.51,
w16,Rancho Canada,  1992,    13,3.36,     3,5.27,     3,2.80,     3,2.95,     4,1.84,
w16,Rancho Canada,  1993,    12,35.89,     2,9.09,     3,7.56,     4,36.38,     3,57.23,
w16,Rancho Canada,  1994,    12,57.91,     3,6.73,     3,6.50,     3,58.63,     3,99.45,
w16,Rancho Canada,  1995,    12,29.91,     3,34.73,     3,7.82,     3,14.03,     3,45.99,
w16,Rancho Canada,  1996,    12,87.42,     3,29.72,     3,88.11,     3,122.00,     3,83.90,
w16,Rancho Canada,  1997,    12,73.25,     3,28.67,     3,28.75,     3,101.21,     3,97.84,
w16,Rancho Canada,  1998,    12,53.00,     3,30.00,     3,12.50,     3,73.28,     3,69.36,
w16,Rancho Canada,  1999,     7,12.74,     3,11.51,     3,6.42,     1, ,, ,
w16,Rancho Canada,  2000,     2,15.61,, ,     2,15.61,, ,, ,
w16,Rancho Canada,  2002,    11,91.59,     2,41.02,     3,63.55,     3,120.76,     3,104.97,
w16,Rancho Canada,  2003,    12,87.40,     3,35.97,     3,84.62,     3,118.38,     3,89.95,
w16,Rancho Canada,  2004,    12,77.83,     3,32.84,     3,45.43,     3,110.38,     3,94.37,
w16,Rancho Canada,  2005,    12,75.37,     3,37.59,     3,37.51,     3,106.72,     3,92.25,
w16,Rancho Canada,  2006,    11,95.98,     3,71.40,     3,93.61,     2,113.02,     3,106.77,
w16,Rancho Canada,  2007,    10,72.76,     3,51.15,     3,75.79,     3,73.90,     1, ,
w16,Rancho Canada,  2008,    11,71.57,     2,60.72,     3,68.89,     3,90.84,     3,57.67,
w16,Rancho Canada,  2009,    12,69.85,     3,12.56,     3,37.70,     3,114.56,     3,69.38,
w16,Rancho Canada,  2010,    12,90.42,     3,60.39,     3,65.88,     3,117.28,     3,104.68,
w16,Rancho Canada,  2011,    12,100.45,     3,88.92,     3,81.83,     3,119.31,     3,107.33,
w16,Rancho Canada,  2012,    11,80.02,     3,58.49,     3,60.87,     3,71.11,     2,130.18,
w16,Rancho Canada,  2013,    12,100.68,     3,87.91,     3,102.91,     3,115.02,     3,94.88,
w16,Rancho Canada,  2014,    12,54.33,     3,59.00,     3,53.11,     3,73.68,     3,8.71,
w16,Rancho Canada,  2015,    12,12.48,     3,12.26,     3,14.39,     3,11.64,     3,11.39,
w17,Panetta 1,All Years,   283,17.81,,,,,,,,,
w17,Panetta 1,  1990,     3,7.62,, ,, ,, ,     3,7.62,
w17,Panetta 1,  1991,    11,7.10,     3,8.01,     3,6.05,     3,6.44,     2,7.97,
w17,Panetta 1,  1992,    13,6.37,     3,6.87,     3,6.34,     3,6.43,     4,5.94,
w17,Panetta 1,  1993,    12,6.00,     2,5.06,     3,4.86,     4,6.45,     3,6.93,
w17,Panetta 1,  1994,    12,6.76,     3,6.74,     3,6.84,     3,6.77,     3,6.69,
w17,Panetta 1,  1995,    12,6.23,     3,5.84,     3,6.28,     3,6.28,     3,6.50,
w17,Panetta 1,  1996,    12,6.87,     3,6.40,     3,6.03,     3,7.53,     3,7.39,
w17,Panetta 1,  1997,    12,7.16,     3,6.63,     3,7.93,     3,6.46,     3,7.52,
w17,Panetta 1,  1998,    11,6.77,     2,6.24,     3,7.60,     3,5.87,     3,7.05,
w17,Panetta 1,  1999,    11,7.37,     3,6.35,     3,7.78,     3,7.55,     2,7.86,
w17,Panetta 1,  2000,     3,6.20,, ,     1, ,     2,6.26,, ,
w17,Panetta 1,  2001,     1, ,, ,, ,, ,     1, ,
w17,Panetta 1,  2002,    10,5.48,     1, ,     3,5.79,     3,5.42,     3,5.12,
w17,Panetta 1,  2003,    12,5.34,     3,5.60,     3,5.19,     3,5.11,     3,5.43,
w17,Panetta 1,  2004,    12,5.37,     3,5.28,     3,5.42,     3,5.29,     3,5.48,
w17,Panetta 1,  2005,    12,5.22,     3,5.07,     3,5.30,     3,5.27,     3,5.25,
w17,Panetta 1,  2006,    12,5.05,     3,5.30,     3,4.85,     3,5.23,     3,4.80,
w17,Panetta 1,  2007,    12,5.62,     3,5.47,     3,5.48,     3,5.51,     3,5.98,
w17,Panetta 1,  2008,    12,5.32,     3,5.15,     3,5.18,     3,5.42,     3,5.51,
w17,Panetta 1,  2009,    12,5.24,     3,5.50,     3,5.34,     3,5.41,     3,4.68,
w17,Panetta 1,  2010,    12,4.86,     3,4.80,     3,4.71,     3,5.02,     3,4.88,
w17,Panetta 1,  2011,    12,4.91,     3,4.67,     3,4.82,     3,4.99,     3,5.15,
w17,Panetta 1,  2012,    12,4.80,     3,5.20,     3,4.46,     3,4.87,     3,4.64,
w17,Panetta 1,  2013,    13,4.96,     3,4.63,     4,4.82,     3,5.18,     3,5.22,
w17,Panetta 1,  2014,    10,29.42,     3,5.30,     2,5.08,     3,4.88,     2,65.00,
w17,Panetta 1,  2015,    12,64.97,     3,65.13,     3,64.38,     3,65.20,     3,65.15,
w18,Panetta 2,All Years,   288,18.51,,,,,,,,,
w18,Panetta 2,  1990,     3,10.70,, ,, ,, ,     3,10.70,
w18,Panetta 2,  1991,    11,9.95,     3,11.01,     3,9.13,     3,9.42,     2,10.24,
w18,Panetta 2,  1992,    12,9.44,     3,9.53,     3,9.30,     3,9.62,     3,9.33,
w18,Panetta 2,  1993,    12,8.79,     2,7.99,     3,8.06,     4,9.16,     3,9.45,
w18,Panetta 2,  1994,    12,9.41,     3,9.68,     3,9.37,     3,9.42,     3,9.16,
w18,Panetta 2,  1995,    12,9.39,     3,8.71,     3,9.27,     3,9.53,     3,10.01,
w18,Panetta 2,  1996,    12,8.88,     3,8.94,     3,8.94,     3,8.18,     3,9.41,
w18,Panetta 2,  1997,    12,9.18,     3,8.97,     3,9.60,     3,9.06,     3,9.08,
w18,Panetta 2,  1998,    11,9.31,     2,8.17,     3,10.56,     3,8.58,     3,9.41,
w18,Panetta 2,  1999,    12,10.35,     3,11.92,     3,10.49,     3,8.94,     3,9.84,
w18,Panetta 2,  2000,     8,10.83,     3,11.20,     3,10.67,     2,10.49,, ,
w18,Panetta 2,  2001,     1, ,, ,, ,, ,     1, ,
w18,Panetta 2,  2002,    10,8.47,     1, ,     3,8.68,     3,8.51,     3,7.94,
w18,Panetta 2,  2003,    12,8.08,     3,8.02,     3,7.91,     3,8.18,     3,8.23,
w18,Panetta 2,  2004,    12,8.14,     3,8.03,     3,8.22,     3,8.16,     3,8.16,
w18,Panetta 2,  2005,    12,7.94,     3,7.61,     3,8.09,     3,8.11,     3,7.93,
w18,Panetta 2,  2006,    12,7.66,     3,7.54,     3,7.66,     3,7.96,     3,7.47,
w18,Panetta 2,  2007,    12,8.44,     3,8.26,     3,8.37,     3,8.41,     3,8.74,
w18,Panetta 2,  2008,    12,7.83,     3,7.33,     3,8.01,     3,7.94,     3,8.01,
w18,Panetta 2,  2009,    12,7.06,     3,7.07,     3,7.23,     3,7.28,     3,6.65,
w18,Panetta 2,  2010,    11,7.68,     2,8.34,     3,7.79,     3,7.27,     3,7.53,
w18,Panetta 2,  2011,    12,7.50,     3,7.44,     3,7.32,     3,7.55,     3,7.70,
w18,Panetta 2,  2012,    13,7.39,     4,7.63,     3,7.34,     3,7.22,     3,7.29,
w18,Panetta 2,  2013,    11,7.64,     2,7.33,     3,7.67,     3,7.58,     3,7.86,
w18,Panetta 2,  2014,    12,31.83,     3,7.99,     3,7.76,     3,7.66,     3,62.21,
w18,Panetta 2,  2015,    12,62.70,     3,62.79,     3,62.68,     3,62.93,     3,62.38,
w19,Garzas 3,All Years,   289,84.99,,,,,,,,,
w19,Garzas 3,  1990,     3,86.99,, ,, ,, ,     3,86.99,
w19,Garzas 3,  1991,    11,84.02,     3,85.99,     3,84.48,     3,82.58,     2,82.44,
w19,Garzas 3,  1992,    12,80.53,     3,82.48,     3,80.68,     3,78.27,     3,80.62,
w19,Garzas 3,  1993,    12,85.69,     2,86.92,     3,84.52,     4,84.76,     3,87.24,
w19,Garzas 3,  1994,    12,86.02,     3,87.02,     3,85.24,     3,85.74,     3,86.06,
w19,Garzas 3,  1995,    12,86.28,     3,88.42,     3,85.68,     3,85.08,     3,85.90,
w19,Garzas 3,  1996,    12,86.74,     3,87.09,     3,86.37,     3,85.89,     3,87.61,
w19,Garzas 3,  1997,    12,85.61,     3,85.58,     3,84.94,     3,85.41,     3,86.50,
w19,Garzas 3,  1998,    12,86.41,     3,86.25,     3,85.68,     3,86.20,     3,87.49,
w19,Garzas 3,  1999,    12,86.21,     3,85.65,     3,85.90,     3,85.95,     3,87.31,
w19,Garzas 3,  2000,     8,85.87,     3,86.19,     3,85.47,     2,86.01,, ,
w19,Garzas 3,  2001,     1, ,, ,, ,, ,     1, ,
w19,Garzas 3,  2002,     9,86.62,, ,     3,85.97,     3,86.13,     3,87.76,
w19,Garzas 3,  2003,    12,86.68,     3,86.46,     3,86.32,     3,86.70,     3,87.23,
w19,Garzas 3,  2004,    12,86.54,     3,86.63,     3,85.75,     3,86.38,     3,87.41,
w19,Garzas 3,  2005,    12,87.23,     3,87.71,     3,86.64,     3,87.03,     3,87.56,
w19,Garzas 3,  2006,    12,87.42,     3,87.56,     3,86.93,     3,86.99,     3,88.22,
w19,Garzas 3,  2007,    12,86.84,     3,87.23,     3,86.20,     3,86.80,     3,87.12,
w19,Garzas 3,  2008,    12,87.14,     3,87.56,     3,86.35,     3,87.06,     3,87.60,
w19,Garzas 3,  2009,    12,87.05,     3,85.13,     3,86.86,     3,87.49,     3,88.68,
w19,Garzas 3,  2010,    12,86.58,     3,84.49,     3,85.13,     3,88.00,     3,88.64,
w19,Garzas 3,  2011,    12,88.16,     3,88.04,     3,87.97,     3,88.18,     3,88.47,
w19,Garzas 3,  2012,    12,87.65,     3,86.74,     3,87.68,     3,87.62,     3,88.54,
w19,Garzas 3,  2013,    12,87.80,     3,87.83,     3,87.28,     3,87.95,     3,88.14,
w19,Garzas 3,  2014,    12,82.25,     3,87.47,     3,87.46,     3,88.16,     3,63.14,
w19,Garzas 3,  2015,    12,62.66,     3,63.50,     3,61.15,     3,62.92,     3,63.04,
w20,Garzas 4,All Years,   291,15.23,,,,,,,,,
w20,Garzas 4,  1990,     3,3.00,, ,, ,, ,     3,3.00,
w20,Garzas 4,  1991,    11,3.40,     3,2.94,     3,3.55,     3,3.06,     2,4.23,
w20,Garzas 4,  1992,    13,3.23,     3,3.91,     3,3.50,     3,3.13,     4,2.45,
w20,Garzas 4,  1993,    12,2.11,     2,0.95,     3,0.80,     4,2.66,     3,2.68,
w20,Garzas 4,  1994,    12,3.45,     3,3.15,     3,3.95,     3,3.81,     3,2.76,
w20,Garzas 4,  1995,    12,2.13,     3,1.91,     3,2.10,     3,2.22,     3,2.26,
w20,Garzas 4,  1996,    12,3.84,     3,4.40,     3,4.54,     3,3.71,     3,2.27,
w20,Garzas 4,  1997,    12,3.61,     3,2.32,     3,2.84,     3,5.76,     3,2.35,
w20,Garzas 4,  1998,    12,2.94,     3,2.38,     3,3.32,     3,3.55,     3,2.31,
w20,Garzas 4,  1999,    12,3.52,     3,2.21,     3,3.63,     3,3.82,     3,4.12,
w20,Garzas 4,  2000,     9,4.38,     3,4.24,     3,4.10,     3,4.77,, ,
w20,Garzas 4,  2001,     1, ,, ,, ,, ,     1, ,
w20,Garzas 4,  2002,     9,2.39,, ,     3,1.98,     3,2.59,     3,2.55,
w20,Garzas 4,  2003,    12,2.80,     3,2.91,     3,2.73,     3,2.70,     3,2.85,
w20,Garzas 4,  2004,    12,2.94,     3,2.73,     3,3.00,     3,3.03,     3,2.99,
w20,Garzas 4,  2005,    12,2.74,     3,2.46,     3,2.75,     3,2.89,     3,2.83,
w20,Garzas 4,  2006,    12,2.52,     3,2.59,     3,2.33,     3,2.84,     3,2.27,
w20,Garzas 4,  2007,    12,3.09,     3,2.89,     3,3.05,     3,2.93,     3,3.46,
w20,Garzas 4,  2008,    12,1.19,     3,0.46,     3,1.06,     3,0.71,     3,1.95,
w20,Garzas 4,  2009,    12,2.37,     3,4.49,     3,0.56,     3,1.14,     3,0.90,
w20,Garzas 4,  2010,    12,1.46,     3,1.15,     3,1.07,     3,1.44,     3,1.99,
w20,Garzas 4,  2011,    12,2.14,     3,2.02,     3,2.72,     3,2.13,     3,1.47,
w20,Garzas 4,  2012,    12,1.31,     3,0.99,     3,1.33,     3,1.35,     3,1.52,
w20,Garzas 4,  2013,    12,1.57,     3,1.60,     3,1.63,     3,1.56,     3,1.48,
w20,Garzas 4,  2014,    12,28.62,     3,1.48,     3,1.50,     3,1.46,     3,57.18,
w20,Garzas 4,  2015,    12,57.18,     3,56.67,     3,56.92,     3,57.61,     3,57.51,
w21,Begonia 2,All Years,   288,16.39,,,,,,,,,
w21,Begonia 2,  1991,    11,25.17,     3,2.69,     3,10.89,     3,43.46,     2,21.54,
w21,Begonia 2,  1992,    13,7.31,     3,4.67,     3,6.10,     3,8.35,     4,8.77,
w21,Begonia 2,  1993,    12,8.47,     2,7.00,     3,4.07,     4,11.37,     3,8.07,
w21,Begonia 2,  1994,    12,29.50,     3,4.95,     3,13.02,     3,46.04,     3,34.16,
w21,Begonia 2,  1995,    12,13.22,     3,24.05,     3,8.86,     3,5.25,     3,3.89,
w21,Begonia 2,  1996,    12,3.90,     3,2.27,     3,4.80,     3,5.15,     3,2.45,
w21,Begonia 2,  1997,    12,6.85,     3,2.82,     3,3.35,     3,12.13,     3,4.60,
w21,Begonia 2,  1998,    12,5.15,     3,5.92,     3,0.85,     3,5.27,     3,6.52,
w21,Begonia 2,  1999,    12,2.09,     3,0.84,     3,3.20,     3,2.14,     3,1.42,
w21,Begonia 2,  2000,    12,10.08,     3,19.63,     3,3.91,     3,2.23,     3,0.95,
w21,Begonia 2,  2001,    12,7.05,     3,11.73,     3,6.97,     3,2.04,     3,2.92,
w21,Begonia 2,  2002,    10,9.34,     3,5.66,     3,9.19,     3,11.82,     1, ,
w21,Begonia 2,  2003,     9,11.28,     2,3.16,     3,14.65,     3,12.63,     1, ,
w21,Begonia 2,  2004,     8,14.36,, ,     2,8.92,     3,8.79,     3,20.49,
w21,Begonia 2,  2005,    11,15.17,     3,7.32,     2,14.58,     3,9.56,     3,23.61,
w21,Begonia 2,  2006,     8,21.08,     2,11.84,     2,19.42,     1, ,     3,28.01,
w21,Begonia 2,  2007,    10,25.36,     3,12.91,     3,33.66,     1, ,     3,26.08,
w21,Begonia 2,  2008,    11,29.49,     3,27.08,     3,31.37,     3,24.41,     2,36.24,
w21,Begonia 2,  2009,    12,17.10,     3,18.82,     3,8.89,     3,9.59,     3,25.39,
w21,Begonia 2,  2010,    12,14.65,     3,9.56,     3,8.69,     3,10.64,     3,24.05,
w21,Begonia 2,  2011,    12,10.37,     3,11.90,     3,5.31,     3,6.29,     3,14.85,
w21,Begonia 2,  2012,    12,14.74,     3,9.84,     3,12.68,     3,16.23,     3,18.66,
w21,Begonia 2,  2013,    12,13.65,     3,14.52,     3,6.70,     3,4.88,     3,21.57,
w21,Begonia 2,  2014,    12,25.70,     3,22.31,     3,27.64,     3,32.01,     3,18.87,
w21,Begonia 2,  2015,    12,20.70,     3,21.47,     3,21.38,     3,20.90,     3,18.96,
w22,Manor,All Years,   251,13.97,,,,,,,,,
w22,Manor,  1990,     3,21.92,, ,, ,, ,     3,21.92,
w22,Manor,  1991,    11,18.73,     3,18.46,     3,16.15,     3,20.06,     2,20.60,
w22,Manor,  1992,    13,19.05,     3,14.07,     3,18.90,     3,19.99,     4,21.54,
w22,Manor,  1993,    12,17.52,     2,13.52,     3,17.62,     4,18.79,     3,18.04,
w22,Manor,  1994,    12,17.51,     3,16.21,     3,18.45,     3,19.47,     3,15.60,
w22,Manor,  1995,    12,10.72,     3,16.65,     3,5.04,     3,11.13,     3,5.80,
w22,Manor,  1996,    12,10.17,     3,6.47,     3,14.84,     3,11.23,     3,5.03,
w22,Manor,  1997,    12,16.12,     3,5.75,     3,13.94,     3,24.04,     3,15.29,
w22,Manor,  1998,    11,11.28,     2,13.91,     3,5.38,     3,16.61,     3,5.74,
w22,Manor,  1999,    11,12.35,     2,5.75,     3,15.26,     3,16.38,     3,6.02,
w22,Manor,  2000,    12,12.80,     3,16.97,     3,12.83,     3,5.68,     3,13.05,
w22,Manor,  2001,     5,6.11,     2,5.20,, ,, ,     3,6.65,
w22,Manor,  2002,     9,12.86,     2,9.07,     2,18.57,     3,13.90,     2,5.26,
w22,Manor,  2003,    12,14.08,     3,13.64,     3,18.65,     3,15.07,     3,5.72,
w22,Manor,  2004,    11,11.29,     3,15.82,     3,11.81,     2,8.11,     3,5.76,
w22,Manor,  2005,    12,10.29,     3,5.24,     3,15.43,     3,11.30,     3,5.54,
w22,Manor,  2006,    10,18.16,     3,20.64,     2,17.98,     3,18.65,     2,12.86,
w22,Manor,  2007,    12,19.38,     3,14.57,     3,22.36,     3,19.57,     3,20.16,
w22,Manor,  2008,    12,17.65,     3,17.37,     3,16.94,     3,21.44,     3,14.07,
w22,Manor,  2009,    11,12.37,     3,15.42,     3,16.25,     2,5.52,     3,6.22,
w22,Manor,  2010,    12,5.08,     3,5.04,     3,5.00,     3,5.08,     3,5.20,
w22,Manor,  2011,    12,4.96,     3,4.82,     3,4.48,     3,5.06,     3,5.45,
w22,Manor,  2012,    12,4.89,     3,5.31,     3,4.94,     3,4.58,     3,4.71,
w23,Mandleman,All Years,   246,9.76,,,,,,,,,
w23,Mandleman,  1990,     3,4.58,, ,, ,, ,     3,4.58,
w23,Mandleman,  1991,    21,7.98,     5,4.78,     9,8.85,     3,9.09,     4,8.20,
w23,Mandleman,  1992,    14,11.94,     4,10.55,     3,12.59,     3,13.18,     4,11.76,
w23,Mandleman,  1993,    13,13.67,     4,12.76,     4,13.66,     3,14.23,     2,14.57,
w23,Mandleman,  1994,    13,14.24,     4,14.98,     3,15.49,     3,14.20,     3,11.77,
w23,Mandleman,  1995,    13,13.83,     4,15.37,     3,14.79,     2,13.22,     4,11.59,
w23,Mandleman,  1996,    11,10.39,     2,11.07,     2,10.53,     4,10.61,     3,9.50,
w23,Mandleman,  1997,    12,8.96,     3,9.26,     2,8.61,     4,9.07,     3,8.74,
w23,Mandleman,  1998,    12,9.18,     3,10.79,     2,9.49,     4,8.58,     3,7.90,
w23,Mandleman,  1999,    11,9.09,     2,8.52,     3,9.91,     3,9.26,     3,8.42,
w23,Mandleman,  2000,    12,8.28,     3,8.87,     3,8.82,     2,8.17,     4,7.42,
w23,Mandleman,  2001,    12,7.30,     2,7.01,     3,7.49,     4,7.45,     3,7.08,
w23,Mandleman,  2002,    12,7.31,     3,7.18,     3,7.42,     2,7.02,     4,7.45,
w23,Mandleman,  2003,    12,7.64,     3,8.15,     3,7.83,     3,7.45,     3,7.10,
w23,Mandleman,  2004,    12,6.82,     2,7.23,     4,7.07,     3,6.66,     3,6.33,
w23,Mandleman,  2005,    11,7.10,     3,7.65,     3,7.26,     3,6.65,     2,6.62,
w23,Mandleman,  2006,    12,6.96,     4,6.44,     2,7.36,     2,7.03,     4,7.23,
w23,Mandleman,  2007,     6,6.30,     3,7.42,     1, ,, ,     2,4.54,
w23,Mandleman,  2008,    11,8.48,     4,7.77,     1, ,     3,9.29,     3,8.09,
w23,Mandleman,  2009,    12,11.41,     4,10.65,     3,11.27,     3,11.91,     2,12.30,
w23,Mandleman,  2010,    11,11.02,     4,11.95,     3,11.08,     2,10.16,     2,9.71,
w24,Coyote US,All Years,   258,4.62,,,,,,,,,
w24,Coyote US,  1990,     3,7.60,, ,, ,, ,     3,7.60,
w24,Coyote US,  1991,    17,2.84,     6,4.46,     5,1.70,     3,0.45,     3,0.92,
w24,Coyote US,  1992,    13,4.78,     3,5.07,     3,5.29,     3,4.76,     4,4.12,
w24,Coyote US,  1993,    10,2.53,     2,4.02,     4,1.09,     2,2.18,     2,2.96,
w24,Coyote US,  1994,    13,4.58,     4,3.70,     3,4.81,     3,5.04,     3,4.89,
w24,Coyote US,  1995,    12,2.60,     3,2.26,     3,1.84,     2,2.02,     4,3.43,
w24,Coyote US,  1996,    12,4.67,     3,3.89,     2,4.73,     4,4.93,     3,4.97,
w24,Coyote US,  1997,    12,4.48,     3,2.95,     2,4.00,     4,4.97,     3,5.28,
w24,Coyote US,  1998,    13,3.25,     4,3.77,     2,3.36,     4,2.48,     3,3.33,
w24,Coyote US,  1999,    11,2.76,     2,1.81,     3,1.73,     3,2.97,     3,3.74,
w24,Coyote US,  2000,    13,4.81,     3,4.00,     4,4.88,     2,5.06,     4,5.16,
w24,Coyote US,  2001,    12,5.46,     2,5.25,     3,5.47,     4,5.53,     3,5.49,
w24,Coyote US,  2002,    12,5.89,     3,6.23,     3,6.19,     2,5.71,     4,5.48,
w24,Coyote US,  2003,    12,5.91,     3,6.10,     3,6.19,     3,5.69,     3,5.65,
w24,Coyote US,  2004,    12,5.93,     2,5.52,     4,6.39,     3,5.82,     3,5.65,
w24,Coyote US,  2005,    11,5.83,     3,5.48,     3,6.24,     3,5.77,     2,5.78,
w24,Coyote US,  2006,    13,5.63,     4,5.49,     2,5.86,     3,5.74,     4,5.58,
w24,Coyote US,  2007,    12,5.66,     3,5.95,     3,5.79,     2,5.64,     4,5.33,
w24,Coyote US,  2008,    13,2.29,     5,2.93,     2,2.49,     3,1.72,     3,1.19,
w24,Coyote US,  2009,    12,3.86,     3,2.43,     3,3.89,     3,4.46,     3,4.33,
w24,Coyote US,  2010,    12,4.73,     4,4.45,     3,4.74,     2,4.95,     3,4.93,
w24,Coyote US,  2011,     8,4.51,     3,4.37,     4,4.54,     1, ,, ,
w25,CVR 1,All Years,   287,9.50,,,,,,,,,
w25,CVR 1,  1990,     3,4.83,, ,, ,, ,     3,4.83,
w25,CVR 1,  1991,    12,3.31,     3,1.90,     3,2.26,     2,3.86,     4,4.34,
w25,CVR 1,  1992,    11,8.03,     4,8.68,     3,7.83,     3,7.87,     1, ,
w25,CVR 1,  1993,     6,0.89,, ,     1, ,     3,0.50,     2,1.21,
w25,CVR 1,  1994,    13,2.96,     4,2.08,     3,3.20,     3,3.44,     3,3.17,
w25,CVR 1,  1995,    12,1.07,     4,0.50,     3,0.16,     2,0.56,     3,1.99,
w25,CVR 1,  1996,    12,3.17,     3,2.40,     2,3.28,     4,3.37,     3,3.49,
w25,CVR 1,  1997,    12,2.85,     3,0.70,     2,2.31,     4,3.34,     3,3.69,
w25,CVR 1,  1998,    12,1.47,     3,2.06,     2,1.10,     4,0.86,     3,1.60,
w25,CVR 1,  1999,    11,1.39,     2,1.00,     3,0.72,     3,1.28,     3,2.06,
w25,CVR 1,  2000,    13,3.04,     3,2.33,     4,3.05,     2,3.13,     4,3.42,
w25,CVR 1,  2001,    11,3.82,     2,3.64,     3,3.82,     3,3.88,     3,3.87,
w25,CVR 1,  2002,    12,4.19,     3,4.21,     3,4.38,     2,4.25,     4,4.00,
w25,CVR 1,  2003,    10,4.11,     3,4.21,     3,4.17,     3,3.99,     1, ,
w25,CVR 1,  2004,     5,4.27,, ,, ,     2,4.24,     3,4.28,
w25,CVR 1,  2005,    11,4.06,     3,3.53,     3,4.33,     3,4.18,     2,4.17,
w25,CVR 1,  2006,    13,3.88,     4,3.68,     2,3.87,     3,4.01,     4,3.99,
w25,CVR 1,  2007,    12,4.00,     3,4.16,     3,4.21,     2,4.04,     4,3.70,
w25,CVR 1,  2008,    11,0.66,     4,0.81,     2,0.44,     2,0.33,     3,0.72,
w25,CVR 1,  2009,    13,2.22,     4,0.77,     3,2.28,     3,2.83,     3,2.72,
w25,CVR 1,  2010,    12,3.07,     4,2.73,     3,3.16,     2,3.20,     3,3.33,
w25,CVR 1,  2011,    12,3.06,     3,2.81,     4,3.01,     2,3.24,     3,3.22,
w25,CVR 1,  2012,    12,3.25,     3,3.33,     4,3.27,     3,3.31,     2,2.98,
w25,CVR 1,  2013,    11,3.20,     2,2.84,     4,3.30,     2,3.25,     3,3.25,
w25,CVR 1,  2014,    12,18.89,     4,3.14,     2,3.25,     3,3.16,     3,37.38,
w25,CVR 1,  2015,    11,37.63,     3,37.74,     3,37.58,     1, ,     4,37.60,
w26,Womble ABD,All Years,    51,22.44,,,,,,,,,
w26,Womble ABD,  2011,     3,1.29,, ,, ,, ,     3,1.29,
w26,Womble ABD,  2012,    11,1.36,     3,1.43,     4,1.32,     3,1.33,     1, ,
w26,Womble ABD,  2013,    12,1.17,     2,0.97,     4,1.24,     2,1.29,     4,1.14,
w26,Womble ABD,  2014,    12,19.99,     4,1.35,     2,1.35,     3,1.28,     3,39.91,
w26,Womble ABD,  2015,    11,40.02,     3,40.07,     3,40.00,     1, ,     4,40.01,
w27,Center St.,All Years,   316,11.58,,,,,,,,,
w27,Center St.,  1990,     3,6.62,, ,, ,, ,     3,6.62,
w27,Center St.,  1991,    24,9.65,     7,8.66,    10,11.69,     3,7.45,     4,6.60,
w27,Center St.,  1992,    12,12.35,     4,12.63,     3,13.34,     3,10.46,     2,12.85,
w27,Center St.,  1993,    13,17.74,     4,19.06,     4,18.43,     3,15.97,     2,16.04,
w27,Center St.,  1994,    13,12.35,     4,14.89,     3,12.97,     3,9.96,     3,9.89,
w27,Center St.,  1995,    13,12.57,     4,14.46,     3,14.25,     2,11.96,     4,8.96,
w27,Center St.,  1996,    13,5.38,     3,6.50,     2,5.55,     4,5.32,     4,4.30,
w27,Center St.,  1997,    12,3.24,     3,3.59,     2,2.19,     4,2.92,     3,3.82,
w27,Center St.,  1998,    12,3.42,     3,5.04,     2,3.50,     4,2.48,     3,2.26,
w27,Center St.,  1999,    11,3.91,     2,4.05,     3,5.14,     3,3.70,     3,2.23,
w27,Center St.,  2000,    13,4.27,     3,2.90,     4,5.46,     2,4.81,     4,3.41,
w27,Center St.,  2001,    13,3.19,     2,2.82,     3,3.97,     4,3.40,     4,2.38,
w27,Center St.,  2002,    12,3.10,     3,2.15,     3,2.73,     2,3.36,     4,3.76,
w27,Center St.,  2003,    13,4.00,     3,3.96,     3,4.02,     3,4.28,     4,3.81,
w27,Center St.,  2004,     5,4.24,, ,, ,     2,4.22,     3,4.26,
w27,Center St.,  2005,    11,4.19,     3,4.87,     3,4.47,     3,3.56,     2,3.48,
w27,Center St.,  2006,    13,6.15,     3,4.67,     2,6.00,     3,6.38,     5,6.81,
w27,Center St.,  2007,    12,7.79,     3,6.92,     3,7.62,     2,8.45,     4,8.17,
w27,Center St.,  2008,    13,13.31,     4,12.55,     2,13.02,     3,13.85,     4,13.78,
w27,Center St.,  2009,    12,14.89,     4,15.44,     3,15.65,     3,14.14,     2,13.66,
w27,Center St.,  2010,    12,13.82,     4,15.38,     3,14.76,     2,12.83,     3,11.02,
w27,Center St.,  2011,    12,10.67,     3,11.91,     4,12.02,     2,9.61,     3,7.68,
w27,Center St.,  2012,    13,8.78,     3,7.54,     4,8.28,     3,8.98,     3,10.25,
w27,Center St.,  2013,    10,13.39,     1, ,     4,12.93,     2,14.03,     3,14.10,
w27,Center St.,  2014,    11,18.17,     4,15.64,     2,17.20,     3,16.10,     2,25.34,
w27,Center St.,  2015,    12,28.07,     3,29.41,     3,29.40,     1, ,     5,26.17,
w28,CVR 8,All Years,   307,8.39,,,,,,,,,
w28,CVR 8,  1990,     3,3.51,, ,, ,, ,     3,3.51,
w28,CVR 8,  1991,    15,1.93,     3,1.93,     5,2.62,     2,1.81,     5,0.84,
w28,CVR 8,  1992,    12,3.67,     4,4.17,     3,3.94,     3,2.58,     2,3.55,
w28,CVR 8,  1993,    12,7.94,     4,7.77,     3,8.30,     3,7.83,     2,7.88,
w28,CVR 8,  1994,    13,5.47,     4,7.41,     3,5.48,     3,3.87,     3,3.39,
w28,CVR 8,  1995,    12,3.46,     4,4.29,     3,3.34,     2,2.77,     3,2.64,
w28,CVR 8,  1996,    12,1.81,     3,2.48,     2,1.87,     4,1.43,     3,1.39,
w28,CVR 8,  1997,    12,0.92,     3,1.29,     2,0.94,     4,0.86,     3,0.35,
w28,CVR 8,  1998,    12,0.52,     3,0.97,     2,0.26,     4,0.14,     3,0.24,
w28,CVR 8,  1999,    11,0.79,     2,0.79,     3,0.96,     3,0.71,     3,0.68,
w28,CVR 8,  2000,    13,0.71,     3,1.07,     4,0.76,     2,0.45,     4,0.32,
w28,CVR 8,  2001,    11,0.18,     2,0.11,     3,0.30,     3,0.07,     3,0.11,
w28,CVR 8,  2002,    12,0.53,     3,0.29,     3,0.37,     2,0.87,     4,0.56,
w28,CVR 8,  2003,    13,0.59,     3,0.69,     3,0.59,     3,0.68,     4,0.42,
w28,CVR 8,  2004,    11,0.63,     1, ,     4,0.68,     3,0.80,     3,0.41,
w28,CVR 8,  2005,    11,0.87,     3,0.16,     3,0.93,     3,1.17,     2,0.87,
w28,CVR 8,  2006,    13,0.63,     4,0.40,     2,0.43,     3,0.71,     4,0.80,
w28,CVR 8,  2007,    11,0.36,     2,0.46,     3,0.36,     2,0.34,     4,0.33,
w28,CVR 8,  2008,    12,1.83,     4,1.68,     2,1.45,     3,1.69,     3,2.30,
w28,CVR 8,  2009,    12,3.05,     4,3.20,     3,2.91,     3,2.84,     2,3.27,
w28,CVR 8,  2010,    12,2.82,     4,3.21,     3,2.88,     2,2.43,     3,2.39,
w28,CVR 8,  2011,    12,2.46,     3,2.97,     4,2.67,     2,1.85,     3,1.90,
w28,CVR 8,  2012,    12,1.63,     3,1.72,     4,1.53,     3,1.38,     2,1.97,
w28,CVR 8,  2013,    11,2.84,     3,2.52,     3,2.47,     2,2.83,     3,3.45,
w28,CVR 8,  2014,    12,16.41,     4,4.62,     2,5.06,     3,4.54,     3,31.79,
w28,CVR 8,  2015,    12,32.84,     3,33.32,     4,32.99,     1, ,     4,32.34,
w29,CVR 5,All Years,   304,8.93,,,,,,,,,
w29,CVR 5,  1990,     3,4.85,, ,, ,, ,     3,4.85,
w29,CVR 5,  1991,    16,1.59,     3,3.26,     6,0.76,     2,0.66,     5,0.90,
w29,CVR 5,  1992,    12,3.90,     4,4.16,     3,4.39,     3,3.15,     2,3.58,
w29,CVR 5,  1993,    12,5.78,     4,6.66,     3,6.08,     3,5.03,     2,4.29,
w29,CVR 5,  1994,    13,2.06,     4,3.40,     3,1.63,     3,0.42,     3,0.43,
w29,CVR 5,  1995,    12,1.39,     4,1.56,     3,1.12,     2,1.37,     3,1.41,
w29,CVR 5,  1996,    12,0.65,     3,1.21,     2,0.56,     4,0.15,     3,0.10,
w29,CVR 5,  1997,    12,1.30,     3,0.68,     2,1.53,     4,1.55,     3,1.23,
w29,CVR 5,  1998,    12,0.40,     3,0.50,     2,0.58,     4,0.34,     3,0.08,
w29,CVR 5,  1999,    11,0.51,     2,0.43,     3,0.69,     3,0.45,     3,0.40,
w29,CVR 5,  2000,    13,0.66,     3,0.52,     4,0.49,     2,0.72,     4,0.83,
w29,CVR 5,  2001,    11,1.33,     2,0.93,     3,1.30,     3,1.57,     3,1.32,
w29,CVR 5,  2002,    12,1.89,     3,1.53,     3,1.77,     2,2.35,     4,1.97,
w29,CVR 5,  2003,    12,1.90,     3,2.00,     3,1.84,     3,1.99,     3,1.74,
w29,CVR 5,  2004,    12,2.06,     2,1.64,     4,2.22,     3,2.32,     3,1.80,
w29,CVR 5,  2005,    11,1.92,     3,1.25,     3,2.13,     3,2.24,     2,1.90,
w29,CVR 5,  2006,     8,1.68,     4,1.54,     2,1.63,     2,1.96,, ,
w29,CVR 5,  2007,    12,2.12,     3,1.91,     3,1.93,     2,2.28,     4,2.30,
w29,CVR 5,  2008,    12,0.72,     4,0.71,     2,0.50,     3,0.31,     3,1.06,
w29,CVR 5,  2009,    12,1.15,     4,1.60,     3,0.86,     3,0.65,     2,1.03,
w29,CVR 5,  2010,    12,0.70,     4,1.12,     3,0.55,     2,0.13,     3,0.06,
w29,CVR 5,  2011,    12,0.43,     3,0.61,     4,0.51,     2,0.15,     3,0.14,
w29,CVR 5,  2012,    12,0.27,     3,0.17,     4,0.35,     3,0.30,     2,0.05,
w29,CVR 5,  2013,    12,0.24,     3,0.20,     4,0.34,     2,0.13,     3,0.19,
w29,CVR 5,  2014,    12,17.98,     4,0.52,     2,0.58,     3,0.42,     3,35.96,
w29,CVR 5,  2015,    11,36.92,     3,37.23,     3,37.06,     1, ,     4,36.57,
w30,Reimers1,All Years,   351,5.50,,,,,,,,,
w30,Reimers1,  1990,     3,5.74,, ,, ,, ,     3,5.74,
w30,Reimers1,  1991,    25,3.99,     9,5.44,    10,3.19,     3,1.72,     3,2.61,
w30,Reimers1,  1992,    27,5.01,    16,5.43,     3,5.95,     3,5.24,     5,1.83,
w30,Reimers1,  1993,    14,6.67,     5,6.99,     4,5.48,     3,7.44,     2,6.81,
w30,Reimers1,  1994,    13,6.25,     4,7.79,     3,7.93,     3,5.01,     3,0.57,
w30,Reimers1,  1995,    22,5.39,    12,6.41,     3,5.18,     2,3.82,     5,2.72,
w30,Reimers1,  1996,    13,2.25,     3,2.33,     3,2.14,     3,2.71,     4,1.86,
w30,Reimers1,  1997,    11,1.37,     3,0.95,     1, ,     4,1.81,     3,1.21,
w30,Reimers1,  1998,    14,1.63,     4,2.82,     3,0.67,     4,0.77,     3,0.72,
w30,Reimers1,  1999,    11,2.74,     2,2.06,     3,4.05,     3,2.65,     3,1.10,
w30,Reimers1,  2000,    14,1.18,     3,1.90,     4,1.40,     2,0.50,     5,0.28,
w30,Reimers1,  2001,    12,0.55,     2,0.45,     3,0.75,     4,0.60,     3,0.14,
w30,Reimers1,  2002,    12,0.80,     3,0.53,     3,0.57,     2,0.41,     4,1.18,
w30,Reimers1,  2003,    13,0.90,     3,1.35,     3,0.62,     3,0.24,     4,0.98,
w30,Reimers1,  2004,    11,0.74,     1, ,     4,0.47,     3,1.15,     3,0.61,
w30,Reimers1,  2005,    11,0.89,     3,0.49,     3,0.67,     3,1.27,     2,0.95,
w30,Reimers1,  2006,    14,0.46,     4,0.31,     2,0.17,     3,0.50,     5,0.60,
w30,Reimers1,  2007,    12,2.32,     3,0.45,     3,0.69,     3,2.14,     3,4.02,
w30,Reimers1,  2008,    13,1.26,     4,0.53,     2,0.03,     3,0.46,     4,2.18,
w30,Reimers1,  2009,    13,2.03,     4,0.44,     3,1.68,     3,2.89,     3,2.52,
w30,Reimers1,  2010,    12,0.90,     4,1.41,     3,0.41,     2,0.38,     3,0.55,
w30,Reimers1,  2011,    12,1.02,     3,0.34,     4,0.83,     2,1.28,     3,1.43,
w30,Reimers1,  2012,    12,1.51,     3,1.61,     4,1.65,     3,1.57,     2,0.79,
w30,Reimers1,  2013,    12,1.69,     3,0.50,     4,1.09,     2,1.62,     3,2.80,
w30,Reimers1,  2014,    12,9.29,     4,2.63,     2,0.68,     3,1.96,     3,18.22,
w30,Reimers1,  2015,    10,21.59,     3,22.32,     3,22.32,     1, ,     3,19.92,
w31,CV High #1,All Years,   346,7.09,,,,,,,,,
w31,CV High #1,  1990,     3,0.47,, ,, ,, ,     3,0.47,
w31,CV High #1,  1991,    26,3.43,     9,0.58,    10,3.94,     3,4.90,     4,4.38,
w31,CV High #1,  1992,    27,6.08,    16,5.64,     3,7.74,     3,7.41,     5,5.40,
w31,CV High #1,  1993,    14,8.06,     5,7.05,     4,8.34,     3,8.76,     2,8.74,
w31,CV High #1,  1994,    13,8.47,     4,9.80,     3,9.74,     3,7.99,     3,4.88,
w31,CV High #1,  1995,    21,6.28,    12,5.78,     3,7.83,     2,6.92,     4,6.07,
w31,CV High #1,  1996,    13,5.34,     2,5.51,     3,5.06,     4,5.24,     4,5.54,
w31,CV High #1,  1997,    12,4.40,     3,4.63,     2,3.52,     4,4.65,     3,4.33,
w31,CV High #1,  1998,    13,5.26,     4,6.34,     2,5.22,     4,4.52,     3,4.57,
w31,CV High #1,  1999,    11,5.89,     2,5.25,     3,6.72,     3,6.26,     3,4.95,
w31,CV High #1,  2000,    13,4.66,     3,5.02,     4,5.30,     2,4.51,     4,3.65,
w31,CV High #1,  2001,    12,3.76,     2,3.39,     3,3.93,     4,3.93,     3,3.58,
w31,CV High #1,  2002,    12,3.82,     3,3.44,     3,3.73,     2,3.77,     4,4.18,
w31,CV High #1,  2003,    12,4.87,     3,5.33,     3,5.00,     3,4.73,     3,4.38,
w31,CV High #1,  2004,    12,4.00,     2,4.48,     4,4.31,     3,3.63,     3,3.58,
w31,CV High #1,  2005,     9,3.70,     3,4.36,     2,4.07,     3,2.98,     1, ,
w31,CV High #1,  2006,    12,3.80,     4,3.43,     2,4.01,     2,3.91,     4,3.99,
w31,CV High #1,  2007,    12,3.04,     3,4.07,     3,3.71,     2,2.81,     4,0.97,
w31,CV High #1,  2008,    12,4.04,     4,3.90,     2,5.01,     3,4.58,     3,2.67,
w31,CV High #1,  2009,    13,4.90,     4,4.41,     3,4.87,     3,5.08,     3,5.34,
w31,CV High #1,  2010,    12,4.18,     4,5.27,     3,4.19,     2,3.30,     3,2.83,
w31,CV High #1,  2011,    12,2.66,     3,2.92,     4,2.88,     2,2.37,     3,2.25,
w31,CV High #1,  2012,    12,2.15,     3,2.03,     4,1.96,     3,2.06,     2,2.73,
w31,CV High #1,  2013,    12,3.77,     3,3.55,     4,3.77,     2,4.05,     3,3.80,
w31,CV High #1,  2014,    12,10.80,     4,2.17,     2,1.50,     3,3.17,     3,21.18,
w31,CV High #1,  2015,    11,24.13,     3,24.39,     3,24.73,     1, ,     4,23.39,
w32,Williams South,All Years,   276,5.78,,,,,,,,,
w32,Williams South,  1990,     3,3.77,, ,, ,, ,     3,3.77,
w32,Williams South,  1991,    23,3.92,     7,5.01,     9,2.95,     3,3.16,     4,4.15,
w32,Williams South,  1992,    14,3.69,     4,4.83,     3,4.13,     3,3.25,     4,1.87,
w32,Williams South,  1993,    13,2.99,     4,4.87,     4,1.96,     3,0.84,     2,1.44,
w32,Williams South,  1994,    13,2.40,     4,3.64,     3,2.16,     3,0.71,     3,1.48,
w32,Williams South,  1995,    13,1.78,     4,1.91,     3,0.88,     2,1.12,     4,2.32,
w32,Williams South,  1996,    11,4.88,     2,1.38,     3,1.32,     3,6.93,     3,6.00,
w32,Williams South,  1997,    12,2.67,     3,1.67,     2,0.17,     4,2.40,     3,4.25,
w32,Williams South,  1998,    11,5.84,     3,4.98,     2,3.63,     4,6.05,     2,7.99,
w32,Williams South,  1999,    11,1.87,     2,1.71,     3,0.94,     3,2.28,     3,2.18,
w32,Williams South,  2000,    13,3.64,     3,2.45,     4,3.39,     2,4.93,     4,3.86,
w32,Williams South,  2001,    12,3.58,     2,3.41,     3,3.75,     4,3.64,     3,3.44,
w32,Williams South,  2002,    12,2.99,     3,2.59,     3,3.39,     2,3.72,     4,2.50,
w32,Williams South,  2003,     6,4.51,     3,3.97,     3,4.99,, ,, ,
w32,Williams South,  2004,     4,2.32,, ,, ,     2,0.74,     2,3.20,
w32,Williams South,  2005,    11,4.53,     3,4.88,     3,4.02,     3,4.67,     2,4.51,
w32,Williams South,  2006,    13,4.68,     4,4.38,     2,4.70,     3,5.77,     4,3.99,
w32,Williams South,  2007,    11,3.79,     2,3.46,     3,3.72,     3,0.85,     3,5.47,
w32,Williams South,  2008,    12,8.06,     4,4.41,     2,8.63,     3,11.81,     3,6.66,
w32,Williams South,  2009,     8,4.87,     4,5.74,     3,4.22,     1, ,, ,
w32,Williams South,  2011,     1, ,, ,, ,, ,     1, ,
w32,Williams South,  2012,    11,7.83,     3,3.25,     4,5.14,     3,10.21,     1, ,
w32,Williams South,  2013,    12,9.86,     3,11.84,     4,6.00,     2,12.16,     3,10.09,
w32,Williams South,  2014,    12,5.25,     4,2.46,     2,4.60,     3,7.25,     3,5.97,
w32,Williams South,  2015,    11,14.75,     3,15.86,     3,15.83,     1, ,     4,12.72,
w33,Williams North,All Years,   268,5.36,,,,,,,,,
w33,Williams North,  1993,     2,2.68,, ,, ,     1, ,     1, ,
w33,Williams North,  1994,    13,1.26,     4,1.09,     3,1.83,     3,1.36,     3,0.37,
w33,Williams North,  1995,    13,3.35,     4,1.94,     3,4.27,     2,4.33,     4,3.11,
w33,Williams North,  1996,    12,2.83,     2,3.20,     3,3.21,     4,2.62,     3,2.39,
w33,Williams North,  1997,    12,2.00,     3,2.84,     2,2.53,     4,1.65,     3,0.30,
w33,Williams North,  1998,    10,3.70,     3,2.83,     2,4.82,     4,3.74,     1, ,
w33,Williams North,  1999,    11,1.54,     2,1.72,     3,2.11,     3,1.36,     3,0.64,
w33,Williams North,  2000,    13,1.54,     3,1.11,     4,2.23,     2,1.42,     4,0.92,
w33,Williams North,  2001,    12,1.09,     2,1.27,     3,1.50,     4,0.99,     3,0.30,
w33,Williams North,  2002,    12,0.93,     3,0.71,     3,1.12,     2,1.40,     4,0.51,
w33,Williams North,  2003,    13,1.89,     3,1.57,     3,2.53,     3,2.29,     4,1.02,
w33,Williams North,  2004,    11,2.10,     1, ,     4,2.30,     3,2.60,     3,1.24,
w33,Williams North,  2005,    11,3.94,     3,3.16,     3,4.61,     3,4.22,     2,3.44,
w33,Williams North,  2006,    13,4.36,     4,4.06,     2,5.07,     3,4.74,     4,3.96,
w33,Williams North,  2007,    12,3.66,     3,4.35,     3,4.32,     2,3.41,     4,2.49,
w33,Williams North,  2008,    12,3.40,     4,2.32,     2,3.70,     3,4.14,     3,3.56,
w33,Williams North,  2009,    13,3.99,     4,3.07,     3,4.18,     3,4.46,     3,4.36,
w33,Williams North,  2010,    12,5.89,     4,5.51,     3,6.47,     2,6.07,     3,5.66,
w33,Williams North,  2011,    12,5.86,     3,5.83,     4,6.23,     2,5.83,     3,5.39,
w33,Williams North,  2012,    10,4.72,     3,5.27,     3,5.05,     3,4.24,     1, ,
w33,Williams North,  2013,    12,4.09,     3,3.26,     4,4.52,     2,4.57,     3,3.87,
w33,Williams North,  2014,    12,9.66,     3,3.35,     2,4.04,     3,4.65,     4,15.72,
w33,Williams North,  2015,    12,16.45,     4,15.44,     3,16.90,     2,16.68,     3,17.11,
w34,Well E,All Years,   219,3.85,,,,,,,,,
w34,Well E,  1997,     3,1.92,, ,, ,, ,     3,1.92,
w34,Well E,  1998,    11,1.11,     2,2.21,     2,1.02,     4,0.28,     3,0.69,
w34,Well E,  1999,    11,0.54,     2,0.14,     3,0.52,     3,0.41,     3,0.78,
w34,Well E,  2000,    13,2.57,     3,1.88,     4,1.34,     2,2.36,     4,3.78,
w34,Well E,  2001,    12,3.61,     2,4.20,     3,3.74,     4,3.28,     3,3.47,
w34,Well E,  2002,    12,2.35,     3,3.33,     3,2.28,     2,1.93,     4,1.60,
w34,Well E,  2003,    12,2.37,     3,0.54,     3,1.60,     3,2.41,     3,3.71,
w34,Well E,  2004,    12,4.26,     2,3.07,     4,3.63,     3,4.63,     3,5.21,
w34,Well E,  2005,    11,3.81,     3,3.44,     3,3.99,     3,3.87,     2,3.96,
w34,Well E,  2006,    13,3.90,     4,3.75,     2,3.40,     3,3.88,     4,4.28,
w34,Well E,  2007,    12,3.54,     3,4.36,     3,3.22,     2,2.79,     4,3.43,
w34,Well E,  2008,    12,2.95,     4,2.68,     2,3.24,     3,3.03,     3,3.03,
w34,Well E,  2009,    13,2.40,     4,3.08,     3,2.14,     3,2.36,     3,1.48,
w34,Well E,  2010,    12,1.73,     4,1.21,     3,1.76,     2,2.10,     3,1.98,
w34,Well E,  2011,    12,1.43,     3,1.44,     4,1.62,     2,1.76,     3,0.75,
w34,Well E,  2012,    12,1.19,     3,1.20,     4,1.53,     3,0.98,     2,0.47,
w34,Well E,  2013,    12,1.05,     3,1.59,     4,0.46,     2,0.59,     3,1.16,
w34,Well E,  2014,    11,5.31,     4,3.19,     1, ,     3,2.67,     3,9.01,
w34,Well E,  2015,    10,10.71,     3,11.26,     3,11.05,     1, ,     3,9.94,
w35,Valley Greens,All Years,   367,3.64,,,,,,,,,
w35,Valley Greens,  1990,     3,3.16,, ,, ,, ,     3,3.16,
w35,Valley Greens,  1991,    26,2.02,     9,3.41,    10,0.13,     3,0.25,     4,0.49,
w35,Valley Greens,  1992,    25,0.83,    16,0.82,     2,0.17,     3,0.80,     4,1.06,
w35,Valley Greens,  1993,    13,0.88,     4,1.32,     4,0.48,     3,0.37,     2,0.98,
w35,Valley Greens,  1994,    14,1.56,     5,1.50,     3,0.58,     3,1.60,     3,2.17,
w35,Valley Greens,  1995,    21,1.48,    12,1.87,     3,1.04,     2,0.22,     4,0.42,
w35,Valley Greens,  1996,    28,2.19,     3,1.12,     2,1.13,     4,0.99,    19,2.56,
w35,Valley Greens,  1997,    13,1.67,     4,2.80,     2,0.93,     4,0.38,     3,0.97,
w35,Valley Greens,  1998,    13,2.68,     4,2.97,     2,2.83,     4,2.32,     3,2.60,
w35,Valley Greens,  1999,    10,1.65,     1, ,     3,1.90,     3,1.49,     3,1.08,
w35,Valley Greens,  2000,    14,2.71,     3,2.57,     4,2.25,     2,2.30,     5,3.23,
w35,Valley Greens,  2001,    12,2.81,     2,3.30,     3,2.99,     4,2.49,     3,2.67,
w35,Valley Greens,  2002,    12,2.72,     3,3.58,     3,2.94,     2,2.02,     4,2.02,
w35,Valley Greens,  2003,    13,1.27,     3,1.71,     3,1.59,     3,0.81,     4,0.80,
w35,Valley Greens,  2004,    11,1.11,     1, ,     4,0.79,     3,0.96,     3,1.52,
w35,Valley Greens,  2005,    11,0.74,     3,1.25,     3,0.27,     3,0.31,     2,0.66,
w35,Valley Greens,  2006,    14,0.58,     4,0.75,     2,1.02,     3,0.07,     5,0.28,
w35,Valley Greens,  2007,    11,0.98,     2,0.16,     3,0.09,     2,0.60,     4,1.57,
w35,Valley Greens,  2008,    13,0.94,     4,1.60,     2,0.52,     3,0.25,     4,0.36,
w35,Valley Greens,  2009,    13,0.95,     4,1.14,     3,0.83,     3,0.24,     3,1.19,
w35,Valley Greens,  2010,    12,1.42,     4,1.99,     3,1.36,     2,0.55,     3,0.84,
w35,Valley Greens,  2011,    12,1.68,     3,1.76,     4,1.82,     2,0.86,     3,1.83,
w35,Valley Greens,  2012,    12,1.60,     3,1.59,     4,1.33,     3,1.42,     2,2.24,
w35,Valley Greens,  2013,    12,2.42,     3,3.72,     4,2.27,     2,1.54,     3,1.05,
w35,Valley Greens,  2014,    13,6.65,     4,0.69,     2,1.38,     3,0.60,     4,11.91,
w35,Valley Greens,  2015,    14,14.07,     4,14.74,     4,14.70,     1, ,     5,13.04,
w36,Rubin,All Years,   312,5.09,,,,,,,,,
w36,Rubin,  1990,     3,7.20,, ,, ,, ,     3,7.20,
w36,Rubin,  1991,    17,4.48,     6,6.85,     5,2.76,     3,0.89,     3,2.50,
w36,Rubin,  1992,    13,3.57,     3,4.64,     3,3.46,     3,1.64,     4,3.78,
w36,Rubin,  1993,    10,2.77,     2,1.90,     4,2.62,     3,3.68,     1, ,
w36,Rubin,  1994,    12,4.31,     3,4.86,     3,3.49,     3,2.81,     3,5.53,
w36,Rubin,  1995,    13,2.75,     4,2.99,     3,2.31,     2,2.07,     4,3.08,
w36,Rubin,  1996,    12,6.26,     3,2.33,     2,1.49,     4,8.68,     3,7.03,
w36,Rubin,  1997,    12,3.77,     3,2.79,     2,3.18,     4,2.68,     3,5.73,
w36,Rubin,  1998,    12,3.62,     3,1.35,     2,1.30,     4,4.47,     3,4.76,
w36,Rubin,  1999,    11,3.66,     2,2.04,     3,1.87,     3,3.23,     3,5.70,
w36,Rubin,  2000,    13,6.47,     3,1.34,     4,1.63,     2,8.96,     4,9.58,
w36,Rubin,  2001,    12,5.82,     2,1.24,     3,1.18,     4,9.23,     3,4.43,
w36,Rubin,  2002,    12,3.85,     3,2.00,     3,2.05,     2,4.62,     4,5.25,
w36,Rubin,  2003,    14,3.33,     3,2.92,     3,2.32,     3,1.40,     5,4.64,
w36,Rubin,  2004,    11,4.32,     1, ,     4,3.45,     3,4.50,     3,5.37,
w36,Rubin,  2005,    11,3.10,     3,2.76,     3,3.27,     3,2.77,     2,3.74,
w36,Rubin,  2006,    13,2.67,     4,2.73,     2,2.66,     3,0.98,     4,3.39,
w36,Rubin,  2007,    12,4.51,     3,3.92,     3,2.57,     2,3.46,     4,6.21,
w36,Rubin,  2008,    12,3.33,     4,2.85,     2,3.04,     3,2.06,     3,4.80,
w36,Rubin,  2009,    13,3.76,     4,5.21,     3,2.98,     3,1.61,     3,3.69,
w36,Rubin,  2010,    12,2.52,     4,2.80,     3,2.61,     2,1.62,     3,2.54,
w36,Rubin,  2011,    12,3.75,     3,2.06,     4,2.52,     2,3.43,     3,5.97,
w36,Rubin,  2012,    12,5.57,     3,2.89,     4,2.39,     3,6.67,     2,9.78,
w36,Rubin,  2013,    12,6.44,     3,10.31,     4,2.49,     2,6.26,     3,5.02,
w36,Rubin,  2014,    11,6.39,     4,6.67,     2,3.06,     2,0.51,     3,9.17,
w36,Rubin,  2015,    12,12.00,     3,12.98,     4,12.79,     1, ,     4,10.31,
w37,Via Millorca,All Years,   322,15.01,,,,,,,,,
w37,Via Millorca,  1990,     3,10.72,, ,, ,, ,     3,10.72,
w37,Via Millorca,  1991,    22,7.67,     6,6.60,     9,8.52,     3,7.38,     4,7.34,
w37,Via Millorca,  1992,    14,1.90,     4,3.37,     3,1.07,     3,0.38,     4,0.55,
w37,Via Millorca,  1993,    13,5.72,     4,4.67,     4,4.83,     3,6.46,     2,7.72,
w37,Via Millorca,  1994,    13,5.64,     4,7.11,     3,3.78,     3,4.15,     3,6.23,
w37,Via Millorca,  1995,    13,10.37,     4,13.18,     3,7.47,     2,6.85,     4,10.52,
w37,Via Millorca,  1996,    12,15.18,     3,9.23,     2,10.61,     4,15.59,     3,20.91,
w37,Via Millorca,  1997,    12,11.90,     3,13.40,     2,9.57,     4,9.27,     3,14.52,
w37,Via Millorca,  1998,    12,14.46,     3,16.56,     2,10.03,     4,11.98,     3,17.42,
w37,Via Millorca,  1999,    11,10.84,     2,15.85,     3,9.20,     3,8.96,     3,9.94,
w37,Via Millorca,  2000,    13,11.85,     3,13.40,     4,8.67,     2,10.29,     4,13.93,
w37,Via Millorca,  2001,    12,15.78,     2,14.60,     3,12.74,     4,14.97,     3,19.83,
w37,Via Millorca,  2002,    12,16.49,     3,14.08,     3,12.74,     2,13.80,     4,21.22,
w37,Via Millorca,  2003,    13,17.25,     3,15.85,     3,13.90,     3,19.12,     4,18.95,
w37,Via Millorca,  2004,    11,12.84,     1, ,     4,10.86,     3,11.50,     3,15.90,
w37,Via Millorca,  2005,    11,13.31,     3,14.31,     3,10.73,     3,13.30,     2,15.15,
w37,Via Millorca,  2006,    13,19.37,     4,17.09,     2,14.80,     3,18.34,     4,23.79,
w37,Via Millorca,  2007,    12,17.18,     3,15.11,     3,13.28,     2,16.89,     4,20.97,
w37,Via Millorca,  2008,    12,18.21,     4,19.83,     2,14.32,     3,16.83,     3,19.55,
w37,Via Millorca,  2009,    13,14.95,     4,13.27,     3,10.71,     3,12.86,     3,21.30,
w37,Via Millorca,  2010,    12,17.09,     4,16.81,     3,12.68,     2,16.04,     3,21.44,
w37,Via Millorca,  2011,    12,23.20,     3,22.93,     4,17.99,     2,21.57,     3,29.75,
w37,Via Millorca,  2012,    13,20.53,     4,18.39,     4,17.71,     3,22.50,     2,26.04,
w37,Via Millorca,  2013,    12,28.53,     3,30.50,     4,24.42,     2,29.78,     3,30.63,
w37,Via Millorca,  2014,    11,15.57,     3,15.94,     2,18.07,     3,19.39,     3,6.46,
w37,Via Millorca,  2015,    12,9.69,     4,11.13,     3,10.81,     1, ,     4,7.16,
w38,Rancho Canada West,All Years,   271,2.44,,,,,,,,,
w38,Rancho Canada West,  1993,     3,0.35,, ,, ,     1, ,     2,0.12,
w38,Rancho Canada West,  1994,    13,0.81,     5,0.66,     2,0.54,     3,0.50,     3,1.30,
w38,Rancho Canada West,  1995,    13,1.85,     4,2.49,     3,2.00,     2,1.25,     4,1.06,
w38,Rancho Canada West,  1996,    12,1.69,     3,1.92,     2,1.62,     4,1.48,     3,1.74,
w38,Rancho Canada West,  1997,    12,1.53,     3,2.69,     2,0.66,     4,0.32,     3,1.32,
w38,Rancho Canada West,  1998,    12,2.45,     3,3.41,     2,2.38,     4,1.82,     3,2.02,
w38,Rancho Canada West,  1999,    10,1.83,     2,2.34,     3,2.13,     2,1.64,     3,1.07,
w38,Rancho Canada West,  2000,    13,1.90,     3,1.67,     4,2.48,     2,1.67,     4,1.46,
w38,Rancho Canada West,  2001,    12,1.71,     2,2.05,     3,2.05,     4,1.52,     3,1.25,
w38,Rancho Canada West,  2002,    12,1.49,     3,2.15,     3,1.66,     2,1.27,     4,0.55,
w38,Rancho Canada West,  2003,    13,1.94,     3,2.30,     3,2.70,     3,1.62,     4,0.90,
w38,Rancho Canada West,  2004,    12,1.26,     2,1.97,     4,1.58,     3,0.52,     3,0.32,
w38,Rancho Canada West,  2005,    10,1.81,     3,2.65,     3,1.64,     2,1.18,     2,0.70,
w38,Rancho Canada West,  2006,    14,1.79,     4,1.99,     2,2.34,     4,1.61,     4,1.41,
w38,Rancho Canada West,  2007,    11,0.82,     2,0.97,     3,1.19,     2,0.63,     4,0.35,
w38,Rancho Canada West,  2008,    12,1.53,     4,2.10,     2,1.51,     3,1.18,     3,0.74,
w38,Rancho Canada West,  2009,    13,1.20,     4,1.23,     3,1.34,     3,0.71,     3,1.41,
w38,Rancho Canada West,  2010,    12,1.69,     4,2.20,     3,1.54,     2,1.09,     3,1.32,
w38,Rancho Canada West,  2011,    12,1.99,     3,2.11,     4,2.14,     2,1.48,     3,1.97,
w38,Rancho Canada West,  2012,    12,1.80,     3,1.80,     4,1.56,     3,1.72,     2,2.29,
w38,Rancho Canada West,  2013,    12,2.25,     3,3.11,     4,2.42,     2,1.81,     3,0.73,
w38,Rancho Canada West,  2014,    12,2.57,     4,0.80,     2,1.05,     3,0.88,     3,4.91,
w38,Rancho Canada West,  2015,    11,7.48,     3,8.26,     3,8.24,     1, ,     4,6.35,
w39,CAWD Rio North,All Years,   230,1.66,,,,,,,,,
w39,CAWD Rio North,  1997,    12,0.66,     3,1.16,     2,0.15,     4,0.20,     3,0.56,
w39,CAWD Rio North,  1998,    12,1.46,     3,2.21,     2,1.60,     4,0.88,     3,0.95,
w39,CAWD Rio North,  1999,    10,0.96,     2,0.96,     3,1.13,     3,1.00,     2,0.54,
w39,CAWD Rio North,  2000,    12,0.80,     3,0.57,     3,1.04,     2,0.89,     4,0.68,
w39,CAWD Rio North,  2001,    12,0.80,     2,0.74,     3,1.01,     4,0.90,     3,0.28,
w39,CAWD Rio North,  2002,    13,0.73,     3,0.96,     3,0.98,     2,0.58,     5,0.35,
w39,CAWD Rio North,  2003,    12,0.80,     3,0.98,     3,0.88,     3,0.87,     3,0.24,
w39,CAWD Rio North,  2004,    12,0.54,     2,0.64,     4,0.68,     3,0.29,     3,0.45,
w39,CAWD Rio North,  2005,    11,0.93,     3,1.42,     3,0.88,     3,0.57,     2,0.23,
w39,CAWD Rio North,  2006,    13,0.82,     4,0.95,     2,1.36,     3,0.62,     4,0.25,
w39,CAWD Rio North,  2007,    12,0.36,     3,0.35,     3,0.21,     2,0.11,     4,0.51,
w39,CAWD Rio North,  2008,    12,0.38,     4,0.49,     2,0.29,     3,0.17,     3,0.41,
w39,CAWD Rio North,  2009,    13,0.42,     4,0.69,     3,0.19,     3,0.14,     3,0.25,
w39,CAWD Rio North,  2010,    12,0.47,     4,0.63,     3,0.55,     2,0.25,     3,0.13,
w39,CAWD Rio North,  2011,    12,0.59,     3,0.71,     4,0.73,     2,0.24,     3,0.38,
w39,CAWD Rio North,  2012,    12,0.29,     3,0.05,     4,0.21,     3,0.26,     2,0.54,
w39,CAWD Rio North,  2013,    12,0.64,     3,1.12,     4,0.38,     2,0.20,     3,0.40,
w39,CAWD Rio North,  2014,    12,2.34,     4,1.65,     2,1.75,     3,1.66,     3,3.67,
w39,CAWD Rio North,  2015,    11,5.64,     3,5.69,     3,5.97,     1, ,     4,5.30,
w40,CAWD Dewtr,All Years,   151,1.73,,,,,,,,,
w40,CAWD Dewtr,  2003,    11,1.57,     2,1.74,     3,1.37,     3,1.41,     3,1.77,
w40,CAWD Dewtr,  2004,    11,1.81,     2,1.73,     4,2.06,     3,1.52,     2,1.76,
w40,CAWD Dewtr,  2005,     9,1.59,     3,1.42,     2,1.86,     2,1.50,     2,1.64,
w40,CAWD Dewtr,  2006,    14,1.57,     4,1.24,     2,1.43,     4,1.61,     4,1.87,
w40,CAWD Dewtr,  2007,    10,1.89,     2,2.08,     3,1.54,     1, ,     4,2.04,
w40,CAWD Dewtr,  2008,    11,1.91,     4,2.01,     1, ,     3,1.83,     3,2.02,
w40,CAWD Dewtr,  2009,    13,1.88,     4,2.30,     3,1.90,     3,1.93,     3,1.00,
w40,CAWD Dewtr,  2010,    12,1.97,     4,2.26,     3,2.33,     2,1.44,     3,1.40,
w40,CAWD Dewtr,  2011,    12,1.64,     3,1.53,     4,2.18,     2,1.38,     3,0.90,
w40,CAWD Dewtr,  2012,    11,1.79,     3,1.90,     4,1.51,     2,2.13,     2,1.79,
w40,CAWD Dewtr,  2013,    12,1.98,     3,2.36,     4,1.38,     2,2.08,     3,2.15,
w40,CAWD Dewtr,  2014,    11,1.81,     3,2.20,     2,1.96,     3,2.12,     3,0.25,
w40,CAWD Dewtr,  2015,    11,0.95,     3,1.03,     3,1.24,     1, ,     4,0.73,
w41,SP Nr CAWD West (D),All Years,   309,1.58,,,,,,,,,
w41,SP Nr CAWD West (D),  1990,     2,2.54,, ,, ,, ,     2,2.54,
w41,SP Nr CAWD West (D),  1991,     8,2.20,     4,2.49,     2,1.35,     1, ,     1, ,
w41,SP Nr CAWD West (D),  1992,     6,1.66,     1, ,     1, ,     1, ,     3,1.80,
w41,SP Nr CAWD West (D),  1993,    16,1.59,     5,0.74,     5,1.23,     3,2.21,     3,2.26,
w41,SP Nr CAWD West (D),  1994,    13,2.20,     3,2.41,     3,2.39,     3,2.54,     4,1.50,
w41,SP Nr CAWD West (D),  1995,    13,1.31,     3,1.35,     3,1.36,     2,1.24,     5,1.29,
w41,SP Nr CAWD West (D),  1996,    14,1.25,     3,1.39,     2,1.15,     5,1.19,     4,1.27,
w41,SP Nr CAWD West (D),  1997,    13,1.63,     3,1.92,     3,1.83,     4,1.52,     3,1.20,
w41,SP Nr CAWD West (D),  1998,    13,1.03,     3,0.97,     3,1.06,     4,1.13,     3,0.90,
w41,SP Nr CAWD West (D),  1999,    11,1.40,     2,1.36,     3,1.38,     3,1.42,     3,1.42,
w41,SP Nr CAWD West (D),  2000,    14,1.20,     3,1.20,     5,1.24,     2,1.26,     4,1.12,
w41,SP Nr CAWD West (D),  2001,    13,1.35,     2,1.31,     4,1.28,     4,1.42,     3,1.38,
w41,SP Nr CAWD West (D),  2002,    12,1.35,     2,1.46,     3,1.45,     3,1.32,     4,1.24,
w41,SP Nr CAWD West (D),  2003,    14,1.47,     3,1.27,     3,1.95,     4,1.27,     4,1.36,
w41,SP Nr CAWD West (D),  2004,    13,1.51,     3,1.33,     4,1.55,     3,1.76,     3,1.37,
w41,SP Nr CAWD West (D),  2005,    11,1.62,     3,1.28,     3,1.71,     3,1.36,     2,2.18,
w41,SP Nr CAWD West (D),  2006,    13,1.41,     4,1.26,     2,1.23,     3,1.27,     4,1.70,
w41,SP Nr CAWD West (D),  2007,    11,1.72,     3,1.80,     3,1.39,     2,1.84,     3,1.85,
w41,SP Nr CAWD West (D),  2008,    12,1.89,     4,1.74,     2,1.96,     3,1.94,     3,1.99,
w41,SP Nr CAWD West (D),  2009,    13,1.78,     4,2.12,     3,1.61,     3,2.00,     3,1.05,
w41,SP Nr CAWD West (D),  2010,    12,1.62,     4,1.63,     3,2.03,     2,1.25,     3,1.34,
w41,SP Nr CAWD West (D),  2011,    11,1.32,     3,1.29,     3,1.72,     2,1.24,     3,0.85,
w41,SP Nr CAWD West (D),  2012,    12,1.63,     3,1.79,     4,1.53,     3,1.78,     2,1.26,
w41,SP Nr CAWD West (D),  2013,    11,1.61,     2,1.60,     4,1.22,     2,1.73,     3,1.96,
w41,SP Nr CAWD West (D),  2014,    11,1.83,     4,1.82,     1, ,     3,2.03,     3,1.66,
w41,SP Nr CAWD West (D),  2015,    14,1.59,     3,1.71,     5,1.70,     1, ,     5,1.50,
w42,Odello West - Sanitary,All Years,     8,1.51,,,,,,,,,
w42,Odello West - Sanitary,  1990,     2,0.95,, ,, ,, ,     2,0.95,
w42,Odello West - Sanitary,  1991,     6,1.66,     5,1.77,     1, ,, ,, ,
w43,Lagoon P1 W,All Years,    64,0.77,,,,,,,,,
w43,Lagoon P1 W,  1990,     2,0.31,, ,, ,, ,     2,0.31,
w43,Lagoon P1 W,  1991,     7,0.52,     3,0.19,     2,0.77,     1, ,     1, ,
w43,Lagoon P1 W,  1992,     4,0.59,     1, ,     1, ,     1, ,     1, ,
w43,Lagoon P1 W,  1993,     3,0.70,     1, ,     1, ,, ,     1, ,
w43,Lagoon P1 W,  1994,     4,0.54,     1, ,     1, ,, ,     2,0.58,
w43,Lagoon P1 W,  1995,     4,0.53,     1, ,     1, ,     1, ,     1, ,
w43,Lagoon P1 W,  1996,     8,1.04,     1, ,     3,0.94,     2,1.00,     2,1.39,
w43,Lagoon P1 W,  1997,     5,0.45,     1, ,     1, ,     2,0.22,     1, ,
w43,Lagoon P1 W,  1998,     5,0.91,, ,     2,0.70,     2,0.84,     1, ,
w43,Lagoon P1 W,  1999,     4,0.67,     1, ,     1, ,     1, ,     1, ,
w43,Lagoon P1 W,  2000,     2,1.11,, ,, ,     1, ,     1, ,
w43,Lagoon P1 W,  2001,     5,1.26,, ,     1, ,     3,1.48,     1, ,
w43,Lagoon P1 W,  2002,     4,0.64,, ,     1, ,     3,0.72,, ,
w43,Lagoon P1 W,  2003,     4,0.89,     1, ,, ,     1, ,     2,0.81,
w43,Lagoon P1 W,  2004,     3,0.31,     1, ,     2,0.19,, ,, ,
w44,Boronda,All Years,   320,15.43,,,,,,,,,
w44,Boronda,  1990,     3,0.85,, ,, ,, ,     3,0.85,
w44,Boronda,  1991,    20,0.58,     7,0.83,     5,0.42,     3,0.27,     5,0.40,
w44,Boronda,  1992,    14,0.46,     4,0.52,     3,0.52,     3,0.43,     4,0.35,
w44,Boronda,  1993,    13,0.51,     4,0.87,     4,0.17,     3,0.20,     2,0.28,
w44,Boronda,  1994,    13,0.48,     4,0.56,     3,0.57,     3,0.38,     3,0.34,
w44,Boronda,  1995,    13,0.60,     4,0.50,     3,0.59,     2,0.55,     4,0.71,
w44,Boronda,  1996,    13,0.42,     3,0.44,     2,0.44,     4,0.38,     4,0.42,
w44,Boronda,  1997,    12,0.77,     3,0.81,     2,1.03,     3,0.72,     4,0.61,
w44,Boronda,  1998,    11,0.63,     3,0.43,     2,0.69,     4,0.71,     2,0.66,
w44,Boronda,  1999,    12,0.83,     3,0.77,     3,0.86,     3,0.80,     3,0.89,
w44,Boronda,  2000,    13,0.85,     3,0.77,     4,0.90,     2,0.81,     4,0.88,
w44,Boronda,  2001,    12,0.85,     2,0.86,     3,0.88,     4,0.83,     3,0.83,
w44,Boronda,  2002,    12,0.94,     2,1.07,     4,1.09,     2,0.85,     4,0.72,
w44,Boronda,  2003,    13,0.84,     3,1.00,     4,0.75,     3,0.71,     3,0.90,
w44,Boronda,  2004,    11,0.96,     2,1.00,     4,1.13,     2,0.86,     3,0.73,
w44,Boronda,  2005,    11,0.76,     3,0.55,     3,0.92,     3,0.74,     2,0.77,
w44,Boronda,  2006,    13,0.60,     4,0.46,     2,0.51,     3,0.65,     4,0.72,
w44,Boronda,  2007,    13,0.90,     3,0.99,     4,0.93,     2,0.78,     4,0.84,
w44,Boronda,  2008,    12,0.69,     4,0.57,     2,0.84,     3,0.70,     3,0.72,
w44,Boronda,  2009,    13,0.73,     4,0.80,     3,0.90,     3,0.68,     3,0.46,
w44,Boronda,  2010,    12,0.62,     4,0.58,     3,0.65,     2,0.65,     3,0.62,
w44,Boronda,  2011,    12,0.43,     3,0.30,     4,0.46,     2,0.46,     3,0.47,
w44,Boronda,  2012,    10,0.72,     2,0.80,     4,0.87,     3,0.46,     1, ,
w44,Boronda,  2013,    13,0.47,     4,0.35,     3,0.58,     2,0.50,     4,0.48,
w44,Boronda,  2014,    11,33.79,     4,0.68,     2,0.54,     2,0.55,     3,64.69,
w44,Boronda,  2015,    12,65.00,     4,65.14,     3,65.01,     1, ,     4,64.86,
w45,Little League 1,All Years,   342,18.41,,,,,,,,,
w45,Little League 1,  1990,     3,0.49,, ,, ,, ,     3,0.49,
w45,Little League 1,  1991,    28,2.13,    11,2.19,    10,2.34,     3,1.85,     4,1.57,
w45,Little League 1,  1992,    26,2.24,    16,2.43,     3,2.13,     3,1.93,     4,1.69,
w45,Little League 1,  1993,    13,1.96,     4,2.55,     4,1.76,     3,1.58,     2,1.41,
w45,Little League 1,  1994,    13,1.18,     4,1.24,     3,1.22,     3,0.85,     3,1.33,
w45,Little League 1,  1995,    14,2.28,     4,2.47,     4,2.26,     2,2.35,     4,2.07,
w45,Little League 1,  1996,    13,2.68,     3,2.29,     2,2.43,     4,3.21,     4,2.48,
w45,Little League 1,  1997,    12,2.09,     3,1.98,     2,1.88,     3,2.11,     4,2.26,
w45,Little League 1,  1998,    12,2.78,     4,3.01,     2,2.62,     4,2.65,     2,2.71,
w45,Little League 1,  1999,    11,2.38,     2,2.11,     3,2.42,     3,2.58,     3,2.31,
w45,Little League 1,  2000,    13,2.28,     3,2.28,     4,2.28,     2,2.37,     4,2.23,
w45,Little League 1,  2001,    12,2.34,     2,2.34,     3,2.38,     4,2.35,     3,2.30,
w45,Little League 1,  2002,    13,2.25,     3,2.22,     4,2.11,     2,2.21,     4,2.42,
w45,Little League 1,  2003,    12,2.33,     3,2.24,     4,2.46,     2,2.36,     3,2.20,
w45,Little League 1,  2004,    12,2.25,     2,2.22,     4,2.11,     3,2.13,     3,2.55,
w45,Little League 1,  2005,    11,2.46,     3,2.79,     3,2.30,     3,2.34,     2,2.33,
w45,Little League 1,  2006,    13,2.59,     4,2.83,     2,2.77,     3,2.46,     4,2.33,
w45,Little League 1,  2007,    13,1.75,     3,2.13,     4,2.08,     2,1.14,     4,1.25,
w45,Little League 1,  2008,    12,2.48,     4,2.79,     2,2.41,     3,2.37,     3,2.18,
w45,Little League 1,  2009,    13,2.42,     4,2.42,     3,2.21,     3,2.32,     3,2.69,
w45,Little League 1,  2010,    12,2.46,     4,2.64,     3,2.38,     2,2.37,     3,2.33,
w45,Little League 1,  2011,    12,2.67,     3,2.98,     4,2.69,     2,2.47,     3,2.42,
w45,Little League 1,  2012,    11,2.42,     3,2.17,     3,2.46,     3,2.38,     2,2.75,
w45,Little League 1,  2013,    12,2.23,     4,2.77,     3,2.36,     2,1.74,     3,1.43,
w45,Little League 1,  2014,    12,39.88,     4,2.23,     2,2.31,     3,1.82,     3,79.67,
w45,Little League 1,  2015,    11,82.34,     3,83.15,     3,83.00,     1, ,     4,81.08,
w46,Via Hellechos,All Years,   312,17.56,,,,,,,,,
w46,Via Hellechos,  1990,     3,3.10,, ,, ,, ,     3,3.10,
w46,Via Hellechos,  1991,    17,2.41,     5,2.94,     5,2.13,     3,2.06,     4,2.24,
w46,Via Hellechos,  1992,    14,2.33,     4,2.40,     3,2.48,     3,2.27,     4,2.18,
w46,Via Hellechos,  1993,    13,1.96,     4,1.13,     4,1.95,     3,2.28,     2,2.62,
w46,Via Hellechos,  1994,    13,2.78,     4,2.89,     3,2.92,     3,2.67,     3,2.58,
w46,Via Hellechos,  1995,    13,2.18,     4,1.83,     3,2.27,     2,2.07,     4,2.48,
w46,Via Hellechos,  1996,    14,2.21,     3,2.49,     3,2.37,     4,1.73,     4,2.31,
w46,Via Hellechos,  1997,    11,2.77,     3,2.87,     1, ,     3,2.73,     4,2.61,
w46,Via Hellechos,  1998,    11,2.24,     3,2.17,     2,2.46,     4,2.21,     2,2.16,
w46,Via Hellechos,  1999,    11,2.50,     2,2.68,     3,2.61,     3,2.31,     3,2.45,
w46,Via Hellechos,  2000,    13,2.51,     3,2.47,     4,2.60,     2,2.36,     4,2.53,
w46,Via Hellechos,  2001,    12,2.48,     2,2.61,     3,2.50,     4,2.34,     3,2.58,
w46,Via Hellechos,  2002,    13,2.67,     3,2.82,     4,2.84,     2,2.45,     4,2.47,
w46,Via Hellechos,  2003,    11,2.51,     3,3.07,     3,2.59,     3,1.50,     2,2.68,
w46,Via Hellechos,  2004,    12,2.73,     2,2.94,     4,3.01,     3,2.56,     3,2.32,
w46,Via Hellechos,  2005,    10,2.50,     3,2.34,     3,2.69,     2,2.44,     2,2.50,
w46,Via Hellechos,  2006,    13,2.34,     4,2.17,     2,2.20,     3,2.35,     4,2.55,
w46,Via Hellechos,  2007,    13,2.80,     3,3.10,     4,2.80,     2,2.59,     4,2.65,
w46,Via Hellechos,  2008,    11,2.50,     4,2.31,     2,2.70,     3,2.48,     2,2.66,
w46,Via Hellechos,  2009,    13,2.64,     4,2.77,     3,2.91,     3,2.52,     3,2.26,
w46,Via Hellechos,  2010,    12,2.53,     4,2.51,     3,2.57,     2,2.48,     3,2.53,
w46,Via Hellechos,  2011,    12,2.27,     3,2.01,     4,2.30,     2,2.35,     3,2.41,
w46,Via Hellechos,  2012,    12,2.51,     3,2.89,     4,2.41,     3,2.44,     2,2.16,
w46,Via Hellechos,  2013,    12,2.36,     4,2.16,     3,2.52,     2,2.43,     3,2.42,
w46,Via Hellechos,  2014,    12,40.98,     4,2.72,     2,2.64,     3,2.52,     3,81.83,
w46,Via Hellechos,  2015,    10,82.14,     3,82.32,     3,82.14,     1, ,     3,81.99,
w47,San Carlos 1982,All Years,    93,7.59,,,,,,,,,
w47,San Carlos 1982,  1990,     2,4.42,, ,, ,, ,     2,4.42,
w47,San Carlos 1982,  1991,    11,8.53,     3,10.68,     3,10.36,     3,6.74,     2,0.72,
w47,San Carlos 1982,  1992,    13,7.28,     3,8.03,     3,9.79,     3,5.69,     4,5.25,
w47,San Carlos 1982,  1993,    12,5.66,     2,0.41,     3,2.22,     4,7.52,     3,6.91,
w47,San Carlos 1982,  1994,    12,3.52,     3,2.02,     3,3.26,     3,4.89,     3,3.32,
w47,San Carlos 1982,  1995,    12,4.20,     3,2.73,     3,0.32,     3,7.39,     3,2.91,
w47,San Carlos 1982,  1996,    10,9.38,     3,7.57,     3,12.55,     2,1.18,     2,10.77,
w47,San Carlos 1982,  1997,    11,12.38,     2,13.64,     3,11.83,     3,11.97,     3,12.44,
w47,San Carlos 1982,  1998,     8,8.03,     3,4.32,     1, ,     2,9.52,     2,7.53,
w47,San Carlos 1982,  1999,     2,0.36,, ,, ,, ,     2,0.36,
w48,Rancho Canada 1,All Years,    39,17.43,,,,,,,,,
w48,Rancho Canada 1,  1990,     3,45.89,, ,, ,, ,     3,45.89,
w48,Rancho Canada 1,  1991,    16,10.76,     5,13.96,     5,10.92,     3,6.82,     3,6.89,
w48,Rancho Canada 1,  1992,    14,3.07,     4,3.24,     3,3.80,     3,3.35,     4,1.79,
w48,Rancho Canada 1,  1993,     6,24.33,     2,13.84,     3,8.15,     1, ,, ,
w49,Brookdale,All Years,   364,3.77,,,,,,,,,
w49,Brookdale,  1990,     3,5.99,, ,, ,, ,     3,5.99,
w49,Brookdale,  1991,    25,4.11,     8,6.02,    12,2.75,     2,2.43,     3,3.13,
w49,Brookdale,  1992,    26,2.90,    16,3.33,     3,2.29,     3,2.36,     4,1.56,
w49,Brookdale,  1993,    11,1.88,     2,1.03,     4,2.76,     3,0.78,     2,1.50,
w49,Brookdale,  1994,    14,2.33,     5,3.18,     3,1.61,     3,1.82,     3,1.62,
w49,Brookdale,  1995,    21,1.67,    12,1.69,     3,2.17,     2,1.77,     4,0.96,
w49,Brookdale,  1996,    28,3.34,     2,0.76,     2,0.49,     4,2.72,    20,3.75,
w49,Brookdale,  1997,    13,1.36,     4,1.45,     2,1.05,     4,1.26,     3,1.55,
w49,Brookdale,  1998,    12,1.61,     4,1.79,     2,0.89,     3,1.43,     3,1.88,
w49,Brookdale,  1999,    11,1.30,     2,0.50,     3,0.16,     3,1.28,     3,2.10,
w49,Brookdale,  2000,    14,4.65,     3,1.98,     4,2.13,     2,5.05,     5,6.65,
w49,Brookdale,  2001,    12,4.83,     2,4.91,     3,4.30,     4,5.30,     3,4.62,
w49,Brookdale,  2002,    12,2.85,     3,3.26,     3,2.57,     2,3.52,     4,2.30,
w49,Brookdale,  2003,    13,2.61,     3,0.93,     3,2.06,     3,2.22,     4,3.83,
w49,Brookdale,  2004,    11,4.39,     1, ,     4,3.79,     3,4.62,     3,5.18,
w49,Brookdale,  2005,    10,3.82,     3,3.39,     2,3.86,     3,3.93,     2,4.21,
w49,Brookdale,  2006,    14,3.73,     4,3.44,     2,3.45,     3,3.46,     5,4.20,
w49,Brookdale,  2007,    12,3.35,     3,4.28,     3,3.02,     2,1.13,     4,3.54,
w49,Brookdale,  2008,    13,2.51,     4,2.38,     2,3.20,     3,2.11,     4,2.52,
w49,Brookdale,  2009,    13,2.01,     4,3.02,     3,1.64,     3,1.57,     3,0.38,
w49,Brookdale,  2010,    12,1.23,     4,0.95,     3,1.38,     2,1.50,     3,1.20,
w49,Brookdale,  2011,    12,1.02,     3,0.79,     4,1.16,     2,0.63,     3,1.21,
w49,Brookdale,  2012,    12,1.37,     3,0.89,     4,0.92,     3,1.12,     2,2.55,
w49,Brookdale,  2013,    12,1.91,     3,3.60,     4,0.28,     2,0.96,     3,0.95,
w49,Brookdale,  2014,    12,5.00,     4,3.89,     2,1.85,     3,2.36,     3,8.47,
w49,Brookdale,  2015,    13,10.65,     3,11.44,     4,11.18,     1, ,     5,9.66,
w50,Berwick 9,All Years,    44,6.05,,,,,,,,,
w50,Berwick 9,  2009,    10,7.27,     2,5.67,     2,4.71,     3,4.07,     3,11.10,
w50,Berwick 9,  2010,    12,6.96,     3,5.04,     3,6.39,     3,7.24,     3,8.65,
w50,Berwick 9,  2011,    12,3.78,     3,4.92,     3,4.63,     3,1.03,     3,3.24,
w50,Berwick 9,  2012,    10,5.74,     3,6.08,     3,6.59,     3,3.64,     1, ,
w51,Berwick 7,All Years,   168,17.07,,,,,,,,,
w51,Berwick 7,  1990,     3,14.15,, ,, ,, ,     3,14.15,
w51,Berwick 7,  1991,    11,11.25,     3,3.05,     3,4.15,     3,12.62,     2,20.43,
w51,Berwick 7,  1992,    13,52.60,     3,8.56,     3,6.77,     3,70.11,     4,72.21,
w51,Berwick 7,  1993,    12,29.13,     2,43.87,     3,15.43,     4,35.35,     3,14.36,
w51,Berwick 7,  1994,    12,4.67,     3,6.20,     3,4.52,     3,4.83,     3,2.29,
w51,Berwick 7,  1995,    12,3.09,     3,5.40,     3,2.76,     3,0.98,     3,0.75,
w51,Berwick 7,  1996,    12,0.93,     3,1.24,     3,0.50,     3,0.36,     3,1.23,
w51,Berwick 7,  1997,    12,2.25,     3,3.09,     3,3.09,     3,0.80,     3,0.75,
w51,Berwick 7,  1998,    12,1.98,     3,1.25,     3,2.29,     3,2.00,     3,2.21,
w51,Berwick 7,  1999,    12,3.15,     3,5.06,     3,1.99,     3,1.79,     3,2.65,
w51,Berwick 7,  2000,     8,2.81,     3,3.71,     3,2.50,     2,1.27,, ,
w51,Berwick 7,  2002,     9,1.70,, ,     3,1.82,     3,1.23,     3,1.97,
w51,Berwick 7,  2003,    12,1.32,     3,1.46,     3,1.13,     3,0.86,     3,1.67,
w51,Berwick 7,  2004,    12,1.22,     3,0.50,     3,0.44,     3,1.77,     3,1.56,
w51,Berwick 7,  2005,    12,1.82,     3,1.26,     3,1.76,     3,2.22,     3,1.91,
w51,Berwick 7,  2006,     4,1.42,     3,1.35,     1, ,, ,, ,
w52,Berwick 8,All Years,   236,10.03,,,,,,,,,
w52,Berwick 8,  1990,     3,3.32,, ,, ,, ,     3,3.32,
w52,Berwick 8,  1991,    11,4.71,     3,2.93,     3,4.17,     3,3.88,     2,7.78,
w52,Berwick 8,  1992,    12,30.31,     3,8.11,     3,6.81,     3,37.33,     3,46.57,
w52,Berwick 8,  1993,    12,17.25,     2,26.88,     3,12.52,     4,16.92,     3,13.04,
w52,Berwick 8,  1994,    12,7.17,     3,7.43,     3,7.83,     3,8.24,     3,4.59,
w52,Berwick 8,  1995,    12,4.59,     3,7.63,     3,4.39,     3,2.39,     3,1.06,
w52,Berwick 8,  1996,    12,4.03,     3,0.05,     3,0.67,     3,8.03,     3,0.31,
w52,Berwick 8,  1997,    12,7.82,     3,4.03,     3,9.53,     3,11.67,     3,1.09,
w52,Berwick 8,  1998,    11,7.70,     2,9.51,     3,0.81,     3,12.37,     3,1.75,
w52,Berwick 8,  1999,     9,5.38,, ,     3,7.24,     3,5.56,     3,1.88,
w52,Berwick 8,  2000,    11,9.05,     3,7.04,     2,11.77,     3,8.21,     3,9.54,
w52,Berwick 8,  2001,     2,14.82,     1, ,     1, ,, ,, ,
w52,Berwick 8,  2002,    11,3.51,     2,1.26,     3,0.40,     3,6.60,     3,0.67,
w52,Berwick 8,  2003,    10,6.16,     3,11.03,     2,2.44,     2,1.07,     3,0.39,
w52,Berwick 8,  2004,    11,5.08,     3,5.04,     2,9.80,     3,1.64,     3,1.50,
w52,Berwick 8,  2005,    12,3.42,     3,1.05,     3,6.51,     3,1.67,     3,0.69,
w52,Berwick 8,  2006,    12,8.86,     3,7.56,     3,10.15,     3,12.13,     3,2.67,
w52,Berwick 8,  2007,     9,4.32,     2,1.19,     3,4.80,     2,4.16,     2,5.54,
w52,Berwick 8,  2008,    10,9.44,     3,8.24,     3,9.73,     2,5.22,     2,13.21,
w52,Berwick 8,  2009,     9,7.28,     3,2.43,     3,7.72,, ,     3,9.67,
w52,Berwick 8,  2010,    12,7.63,     3,7.57,     3,8.58,     3,5.02,     3,8.76,
w52,Berwick 8,  2011,    12,4.46,     3,7.49,     3,3.34,     3,1.48,     3,3.20,
w52,Berwick 8,  2012,     9,7.35,     3,4.30,     3,6.66,     3,9.96,, ,
w53,Odello East Inactive,All Years,    25,4.16,,,,,,,,,
w53,Odello East Inactive,  1990,     4,5.31,, ,, ,, ,     4,5.31,
w53,Odello East Inactive,  1991,    21,3.90,     8,5.59,     6,2.71,     6,2.06,     1, ,
w54,Robles 1,All Years,   226,3.82,,,,,,,,,
w54,Robles 1,  1990,     3,3.93,, ,, ,, ,     3,3.93,
w54,Robles 1,  1991,    11,3.49,     3,3.74,     3,3.22,     3,3.29,     2,3.74,
w54,Robles 1,  1992,    13,3.54,     3,4.11,     3,3.69,     3,3.22,     4,3.16,
w54,Robles 1,  1993,    12,3.10,     2,2.53,     3,3.11,     4,3.09,     3,3.43,
w54,Robles 1,  1994,    11,3.49,     2,3.63,     3,3.63,     3,3.36,     3,3.38,
w54,Robles 1,  1995,    12,3.40,     3,3.33,     3,3.33,     3,3.18,     3,3.73,
w54,Robles 1,  1996,    12,3.27,     3,3.43,     3,3.17,     3,2.93,     3,3.50,
w54,Robles 1,  1997,    12,3.86,     3,4.19,     3,4.26,     3,3.48,     3,3.44,
w54,Robles 1,  1998,    12,3.66,     3,3.63,     3,3.76,     3,3.55,     3,3.69,
w54,Robles 1,  1999,    12,4.00,     3,4.16,     3,3.93,     3,3.85,     3,4.07,
w54,Robles 1,  2000,     8,3.78,     3,3.61,     3,4.03,     2,3.63,, ,
w54,Robles 1,  2002,    10,4.13,     1, ,     3,4.63,     3,3.87,     3,3.79,
w54,Robles 1,  2003,    12,4.28,     3,5.04,     3,4.21,     3,3.64,     3,4.13,
w54,Robles 1,  2004,    12,4.28,     3,4.58,     3,4.43,     3,3.89,     3,4.20,
w54,Robles 1,  2005,    12,3.96,     3,3.78,     3,4.21,     3,3.85,     3,3.97,
w54,Robles 1,  2006,    12,3.79,     3,4.12,     3,3.86,     3,3.81,     3,3.32,
w54,Robles 1,  2007,    12,4.14,     3,4.61,     3,3.99,     3,3.84,     3,4.08,
w54,Robles 1,  2008,    12,3.97,     3,3.94,     3,4.11,     3,3.75,     3,4.06,
w54,Robles 1,  2009,    12,4.26,     3,4.28,     3,4.94,     3,3.76,     3,3.96,
w54,Robles 1,  2010,    11,4.03,     3,4.58,     3,3.89,     3,3.67,     2,3.88,
w54,Robles 1,  2011,     3,3.54,     3,3.54,, ,, ,, ,
w55,Russell 2,All Years,   252,2.10,,,,,,,,,
w55,Russell 2,  1990,     3,3.86,, ,, ,, ,     3,3.86,
w55,Russell 2,  1991,    11,3.10,     3,5.42,     3,1.25,     3,0.75,     2,2.35,
w55,Russell 2,  1992,    13,2.03,     3,3.31,     3,1.89,     3,0.66,     4,1.49,
w55,Russell 2,  1993,    12,1.60,     2,2.60,     3,2.27,     4,0.50,     3,0.42,
w55,Russell 2,  1994,    11,0.61,     2,0.84,     3,0.07,     3,0.08,     3,0.94,
w55,Russell 2,  1995,    12,1.85,     3,2.29,     3,2.41,     3,1.17,     3,1.13,
w55,Russell 2,  1996,    12,1.93,     3,2.43,     3,1.47,     3,1.61,     3,2.05,
w55,Russell 2,  1997,    12,1.87,     3,1.76,     3,0.84,     3,0.97,     3,3.03,
w55,Russell 2,  1998,    12,1.57,     3,2.23,     3,1.31,     3,1.18,     3,1.34,
w55,Russell 2,  1999,    11,1.78,     3,2.78,     3,1.73,     2,0.06,     3,0.93,
w55,Russell 2,  2000,    11,1.00,     3,0.72,     3,1.00,     3,0.96,     2,1.34,
w55,Russell 2,  2001,     7,1.11,     2,1.34,     3,1.11,     1, ,     1, ,
w55,Russell 2,  2002,     9,1.25,     1, ,     3,0.91,     2,0.26,     3,1.13,
w55,Russell 2,  2003,    12,2.02,     3,1.78,     3,2.28,     3,2.35,     3,1.57,
w55,Russell 2,  2004,    11,1.89,     3,3.01,     2,1.98,     3,0.31,     3,1.15,
w55,Russell 2,  2005,    12,1.70,     3,1.43,     3,2.15,     3,1.25,     3,1.84,
w55,Russell 2,  2006,    12,1.06,     3,0.49,     3,1.38,     3,0.77,     3,1.34,
w55,Russell 2,  2007,    12,0.94,     3,1.55,     3,0.54,     3,0.26,     3,0.88,
w55,Russell 2,  2008,    12,0.85,     3,0.88,     3,1.38,     3,0.33,     3,0.34,
w55,Russell 2,  2009,    12,2.78,     3,2.35,     3,1.36,     3,3.12,     3,3.70,
w55,Russell 2,  2010,    12,3.42,     3,3.24,     3,3.50,     3,3.35,     3,3.57,
w55,Russell 2,  2011,    12,3.50,     3,3.50,     3,3.66,     3,3.59,     3,3.23,
w55,Russell 2,  2012,     9,3.56,     2,3.68,     3,3.86,     3,3.27,     1, ,
w56,Russell 4,All Years,   223,2.26,,,,,,,,,
w56,Russell 4,  1990,     3,5.02,, ,, ,, ,     3,5.02,
w56,Russell 4,  1991,    11,3.27,     3,5.95,     3,1.36,     3,1.17,     2,1.00,
w56,Russell 4,  1992,    10,1.25,, ,     3,1.71,     3,0.99,     4,0.99,
w56,Russell 4,  1993,    12,0.95,     2,2.01,     3,0.79,     4,0.37,     3,0.34,
w56,Russell 4,  1994,    11,0.57,     2,0.95,     3,0.08,     3,0.20,     3,0.74,
w56,Russell 4,  1995,    11,1.51,     2,2.26,     3,1.78,     3,0.94,     3,0.96,
w56,Russell 4,  1996,    12,1.41,     3,1.77,     3,1.19,     3,1.25,     3,1.37,
w56,Russell 4,  1997,    12,1.03,     3,1.25,     3,0.61,     3,0.76,     3,1.31,
w56,Russell 4,  1998,    12,1.28,     3,1.84,     3,1.03,     3,0.94,     3,1.13,
w56,Russell 4,  1999,     8,7.12,     3,9.74,     3,1.37,     2,7.60,, ,
w56,Russell 4,  2000,     1, ,, ,, ,, ,     1, ,
w56,Russell 4,  2001,     2,4.49,, ,, ,, ,     2,4.49,
w56,Russell 4,  2002,     6,1.13,, ,     2,1.37,     2,1.19,     2,0.74,
w56,Russell 4,  2003,    11,0.96,     3,0.89,     3,1.28,     3,0.38,     2,1.08,
w56,Russell 4,  2004,    11,1.10,     3,0.84,     2,1.02,     3,0.95,     3,1.47,
w56,Russell 4,  2005,    12,1.45,     3,0.19,     3,1.63,     3,0.90,     3,2.22,
w56,Russell 4,  2006,    12,1.36,     3,1.21,     3,1.10,     3,1.12,     3,1.86,
w56,Russell 4,  2007,    12,0.91,     3,1.03,     3,0.96,     3,0.63,     3,0.97,
w56,Russell 4,  2008,    10,1.05,     1, ,     3,1.61,     3,0.78,     3,0.66,
w56,Russell 4,  2009,    11,2.20,     3,2.42,     2,1.61,     3,2.22,     3,2.31,
w56,Russell 4,  2010,    12,2.67,     3,2.72,     3,2.68,     3,2.65,     3,2.63,
w56,Russell 4,  2011,    12,2.61,     3,2.81,     3,2.71,     3,2.64,     3,2.23,
w56,Russell 4,  2012,     9,2.59,     2,2.71,     3,2.86,     3,2.37,     1, ,
w57,Scarlett 1,All Years,   111,4.70,,,,,,,,,
w57,Scarlett 1,  2002,    10,5.89,     1, ,     3,6.11,     3,5.96,     3,5.52,
w57,Scarlett 1,  2003,    12,5.93,     3,6.23,     3,6.11,     3,5.61,     3,5.74,
w57,Scarlett 1,  2004,    11,5.01,     2,4.75,     3,5.29,     3,4.93,     3,4.97,
w57,Scarlett 1,  2005,    12,5.17,     3,5.61,     3,5.20,     3,4.94,     3,4.92,
w57,Scarlett 1,  2006,    12,5.36,     3,4.78,     3,5.74,     3,5.74,     3,5.11,
w57,Scarlett 1,  2007,    12,4.75,     3,4.95,     3,4.84,     3,4.89,     3,4.30,
w57,Scarlett 1,  2008,    12,1.22,     3,1.67,     3,1.64,     3,0.62,     3,0.33,
w57,Scarlett 1,  2009,    12,3.22,     3,1.52,     3,3.12,     3,3.54,     3,4.11,
w57,Scarlett 1,  2010,    12,4.52,     3,4.20,     3,4.56,     3,4.33,     3,4.95,
w57,Scarlett 1,  2011,     6,3.81,     3,3.66,, ,     3,3.96,, ,
w58,Scarlett 2,All Years,   234,6.52,,,,,,,,,
w58,Scarlett 2,  1990,     3,8.79,, ,, ,, ,     3,8.79,
w58,Scarlett 2,  1991,    11,3.52,     3,6.24,     3,2.39,     3,0.79,     2,0.43,
w58,Scarlett 2,  1992,    13,3.58,     3,3.69,     3,3.93,     3,3.98,     4,2.83,
w58,Scarlett 2,  1993,    12,4.16,     2,2.13,     3,1.52,     4,3.98,     3,6.53,
w58,Scarlett 2,  1994,    12,6.99,     3,6.18,     3,7.20,     3,7.36,     3,7.16,
w58,Scarlett 2,  1995,    12,4.80,     3,4.48,     3,4.04,     3,4.59,     3,5.89,
w58,Scarlett 2,  1996,    12,7.08,     3,6.48,     3,7.18,     3,7.33,     3,7.30,
w58,Scarlett 2,  1997,    12,6.69,     3,4.89,     3,6.62,     3,7.32,     3,7.60,
w58,Scarlett 2,  1998,    12,5.36,     3,5.82,     3,5.06,     3,4.79,     3,5.69,
w58,Scarlett 2,  1999,    12,5.03,     3,3.08,     3,4.56,     3,5.55,     3,6.34,
w58,Scarlett 2,  2000,     8,6.83,     3,6.25,     3,7.02,     2,7.36,, ,
w58,Scarlett 2,  2002,    10,8.11,     1, ,     3,8.12,     3,8.13,     3,7.88,
w58,Scarlett 2,  2003,    12,8.15,     3,8.20,     3,8.43,     3,7.93,     3,8.01,
w58,Scarlett 2,  2004,    12,8.02,     3,7.56,     3,8.40,     3,8.15,     3,7.95,
w58,Scarlett 2,  2005,    12,8.18,     3,8.06,     3,8.33,     3,8.13,     3,8.20,
w58,Scarlett 2,  2006,    12,7.92,     3,7.95,     3,8.23,     3,7.89,     3,7.61,
w58,Scarlett 2,  2007,    12,7.77,     3,8.12,     3,8.12,     3,7.44,     3,7.39,
w58,Scarlett 2,  2008,    12,4.04,     3,4.59,     3,4.45,     3,3.59,     3,3.43,
w58,Scarlett 2,  2009,    12,6.27,     3,4.75,     3,6.46,     3,6.99,     3,6.66,
w58,Scarlett 2,  2010,    12,7.05,     3,6.53,     3,7.20,     3,7.13,     3,7.30,
w58,Scarlett 2,  2011,     9,6.79,     3,6.83,, ,     3,7.16,     3,6.35,
w59,Rancho Fielsa 1,All Years,    78,14.45,,,,,,,,,
w59,Rancho Fielsa 1,  1990,     3,14.56,, ,, ,, ,     3,14.56,
w59,Rancho Fielsa 1,  1991,    11,15.04,     3,14.60,     3,14.02,     3,16.29,     2,15.24,
w59,Rancho Fielsa 1,  1992,    10,16.65,     2,14.46,     3,15.34,     3,17.70,     2,18.83,
w59,Rancho Fielsa 1,  1993,    12,14.22,     2,14.80,     3,14.06,     4,14.56,     3,13.49,
w59,Rancho Fielsa 1,  1994,    12,14.94,     3,12.94,     3,13.93,     3,17.87,     3,14.55,
w59,Rancho Fielsa 1,  1995,    12,13.57,     3,13.91,     3,13.29,     3,14.03,     3,13.03,
w59,Rancho Fielsa 1,  1996,    12,13.08,     3,12.88,     3,13.29,     3,13.20,     3,12.92,
w59,Rancho Fielsa 1,  1997,     6,13.11,     3,12.67,     3,13.54,, ,, ,
w60,Rancho Fiesta 2,All Years,    82,25.26,,,,,,,,,
w60,Rancho Fiesta 2,  1990,     3,24.86,, ,, ,, ,     3,24.86,
w60,Rancho Fiesta 2,  1991,    11,24.74,     3,25.16,     3,25.71,     3,23.85,     2,23.93,
w60,Rancho Fiesta 2,  1992,    11,23.95,     3,24.61,     3,25.19,     3,22.36,     2,23.32,
w60,Rancho Fiesta 2,  1993,    12,25.33,     2,25.08,     3,25.68,     4,24.93,     3,25.68,
w60,Rancho Fiesta 2,  1994,    11,24.46,     3,26.12,     3,25.08,     2,22.02,     3,23.65,
w60,Rancho Fiesta 2,  1995,    11,25.48,     3,25.35,     3,26.09,     2,25.40,     3,25.03,
w60,Rancho Fiesta 2,  1996,    12,26.25,     3,26.56,     3,26.21,     3,26.04,     3,26.18,
w60,Rancho Fiesta 2,  1997,    11,26.49,     3,26.79,     3,26.18,     3,26.11,     2,27.03,
w61,Dick Monitor,All Years,    55,6.40,,,,,,,,,
w61,Dick Monitor,  1990,     4,3.31,, ,, ,, ,     4,3.31,
w61,Dick Monitor,  1991,    27,4.92,     7,4.81,    12,5.94,     6,3.30,     2,0.72,
w61,Dick Monitor,  1992,    12,7.48,     5,8.76,     3,7.71,     3,5.89,     1, ,
w61,Dick Monitor,  1993,    12,8.58,     5,8.77,     5,8.68,     2,7.81,, ,
w62,Schulte RD,All Years,   345,16.31,,,,,,,,,
w62,Schulte RD,  1990,     3,16.87,, ,, ,, ,     3,16.87,
w62,Schulte RD,  1991,    29,15.20,     9,19.02,    13,14.66,     3,10.53,     4,8.85,
w62,Schulte RD,  1992,    27,7.74,    16,8.19,     3,5.72,     3,5.08,     5,8.59,
w62,Schulte RD,  1993,    15,11.74,     6,8.94,     4,11.04,     3,13.97,     2,16.05,
w62,Schulte RD,  1994,    13,17.02,     4,15.71,     3,16.53,     3,17.85,     3,18.28,
w62,Schulte RD,  1995,    21,15.51,    12,16.44,     3,13.17,     2,13.54,     4,15.18,
w62,Schulte RD,  1996,    13,16.58,     2,16.01,     3,16.38,     4,16.76,     4,16.83,
w62,Schulte RD,  1997,    12,16.57,     3,14.10,     2,15.78,     4,17.42,     3,18.13,
w62,Schulte RD,  1998,    13,14.39,     4,15.29,     2,13.53,     4,13.68,     3,14.62,
w62,Schulte RD,  1999,    11,14.00,     2,12.41,     3,12.95,     3,14.57,     3,15.38,
w62,Schulte RD,  2000,    14,16.38,     3,15.84,     4,16.20,     2,16.56,     5,16.76,
w62,Schulte RD,  2001,    12,17.24,     2,17.13,     3,17.16,     4,17.26,     3,17.38,
w62,Schulte RD,  2002,    12,17.76,     3,17.39,     3,17.55,     2,17.47,     4,18.32,
w62,Schulte RD,  2003,    12,17.57,     3,17.89,     3,17.41,     3,17.42,     3,17.56,
w62,Schulte RD,  2004,    12,18.01,     2,17.43,     4,17.63,     3,18.30,     3,18.58,
w62,Schulte RD,  2005,    11,17.32,     3,17.01,     3,17.30,     3,17.47,     2,17.56,
w62,Schulte RD,  2006,    13,17.28,     3,17.27,     2,16.91,     3,17.25,     5,17.46,
w62,Schulte RD,  2007,     6,18.23,     2,17.47,, ,     1, ,     3,18.63,
w62,Schulte RD,  2008,     8,14.06,, ,     1, ,     3,13.85,     4,14.31,
w62,Schulte RD,  2009,    13,16.29,     4,15.42,     3,16.08,     3,16.95,     3,16.94,
w62,Schulte RD,  2010,    12,16.92,     4,16.69,     3,16.84,     2,17.05,     3,17.20,
w62,Schulte RD,  2011,    12,16.92,     3,16.96,     4,16.70,     2,17.01,     3,17.12,
w62,Schulte RD,  2012,    13,17.23,     4,17.40,     4,17.12,     3,17.21,     2,17.12,
w62,Schulte RD,  2013,    10,17.45,     1, ,     4,17.00,     2,17.47,     3,18.22,
w62,Schulte RD,  2014,    11,19.37,     4,18.42,     1, ,     3,17.88,     3,22.39,
w62,Schulte RD,  2015,    14,23.19,     3,23.37,     5,23.70,     1, ,     5,22.49,
